item,value,src
"Success fee, фонд до $100 млн","2,0–2,5% от привлечённого",pipelineroad.com/blog/placement-agent-fees-2026
"Success fee, фонд $100–500 млн","1,5–2,0%",pipelineroad.com/blog/placement-agent-fees-2026
"Success fee, фонд свыше $500 млн","1,0–1,5%",pipelineroad.com/blog/placement-agent-fees-2026
"Success fee, недвижимость (отраслевой диапазон)",1–3% от привлечённого эквити,selltohomepros.com/blog/real-estate-fund-placement-explained
Ретейнер разовый,$25 000 – $100 000+,pipelineroad.com/blog/placement-agent-fees-2026
Ретейнер ежемесячный,$10 000 – $25 000/мес,lpbacked.com/resources/placement-agent-fees
Период эксклюзивности,6–18 месяцев,lpbacked.com/resources/placement-agent-fees
Требование к агенту,"Регистрация FINRA, Series 7/79",selltohomepros.com/blog/real-estate-fund-placement-explained
ПОЛНАЯ стоимость привлечения (все издержки),4–8% от привлечённого эквити,accreditedinvestorleadgeneration.com/capital-raising/real-cost-raising-capital-2026
"Пример: фонд $250 млн при ставке 1,75%",$4 375 000 только агенту,pipelineroad.com/blog/placement-agent-fees-2026
