Компания,Google объявлений (изм.),Meta объявлений (изм.),Meta: достоверность,Facebook,LinkedIn,X/Twitter,YouTube,Instagram,TikTok,Каналов всего,Языковых версий сайта
Caliber,24,,не снято,есть,есть,есть,есть,есть,—,5,1
GSP REI,0,0,"ноль, но возможен ложный ноль (см. New Western)",есть,есть,есть,есть,есть,—,5,1
BTI Partners,0,,не снято,есть,есть,есть,—,есть,—,4,1
FarmTogether,24,27000,"НЕДОСТОВЕРНО: имя из общих слов, матчится чужая реклама",есть,есть,есть,—,есть,—,4,1
MLG Capital,22,0,"ноль, но возможен ложный ноль (см. New Western)",есть,есть,—,есть,есть,—,4,1
St. Joe,0,40,"НЕДОСТОВЕРНО: имя из общих слов, матчится чужая реклама",есть,есть,есть,есть,—,—,4,1
AcreTrader,3,2,достоверно: редкое имя,есть,есть,—,есть,—,—,3,1
Tejon Ranch,0,4,"НЕДОСТОВЕРНО: имя из общих слов, матчится чужая реклама",есть,—,есть,—,есть,—,3,1
Urban Catalyst,2,14,достоверно: редкое имя,есть,есть,есть,—,—,—,3,1
Howard Hughes,0,0,"ноль, но возможен ложный ноль (см. New Western)",—,есть,есть,—,—,—,2,1
13th Floor,0,2,достоверно: редкое имя,—,есть,—,—,—,—,1,1
Crow Holdings,0,0,"ноль, но возможен ложный ноль (см. New Western)",—,есть,—,—,—,—,1,1
Domain REP,0,0,"ноль, но возможен ложный ноль (см. New Western)",—,есть,—,—,—,—,1,1
Forestar,60,19,"НЕДОСТОВЕРНО: имя из общих слов, матчится чужая реклама",—,есть,—,—,—,—,1,1
Walton Global,0,0,"ноль, но возможен ложный ноль (см. New Western)",—,есть,—,—,—,—,1,5
Allied Development,5,27,"НЕДОСТОВЕРНО: имя из общих слов, матчится чужая реклама",—,—,—,—,—,—,0,1
Bedrock Land Finance,0,1,достоверно: редкое имя,—,—,—,—,—,—,0,1
DLP Capital,16,2,достоверно: редкое имя,—,—,—,—,—,—,0,1
Five Point,0,50000,"НЕДОСТОВЕРНО: имя из общих слов, матчится чужая реклама",—,—,—,—,—,—,0,1
Millrose Properties,0,0,"ноль, но возможен ложный ноль (см. New Western)",—,—,—,—,—,—,0,1
