name,dist_model,channel,pct,usd_m_mid_EST
Walton Global,Дистрибьюторская сеть (BD/RIA/агенты),Комиссии дистрибьюторам и агентам,72,18.72
Walton Global,Дистрибьюторская сеть (BD/RIA/агенты),"События, роудшоу, конференции",12,3.12
Walton Global,Дистрибьюторская сеть (BD/RIA/агенты),"Контент, печать, презентационные материалы",7,1.82
Walton Global,Дистрибьюторская сеть (BD/RIA/агенты),PR и отраслевые медиа,5,1.3
Walton Global,Дистрибьюторская сеть (BD/RIA/агенты),Платный поиск и YouTube,0,0.0
Walton Global,Дистрибьюторская сеть (BD/RIA/агенты),Платные соцсети,1,0.26
Walton Global,Дистрибьюторская сеть (BD/RIA/агенты),Email и CRM,3,0.78
Millrose Properties (NYSE: MRP),"Публичный рынок (IR, не маркетинг)",Комиссии дистрибьюторам и агентам,5,0.225
Millrose Properties (NYSE: MRP),"Публичный рынок (IR, не маркетинг)","События, роудшоу, конференции",22,0.99
Millrose Properties (NYSE: MRP),"Публичный рынок (IR, не маркетинг)","Контент, печать, презентационные материалы",20,0.9
Millrose Properties (NYSE: MRP),"Публичный рынок (IR, не маркетинг)",PR и отраслевые медиа,35,1.575
Millrose Properties (NYSE: MRP),"Публичный рынок (IR, не маркетинг)",Платный поиск и YouTube,8,0.36
Millrose Properties (NYSE: MRP),"Публичный рынок (IR, не маркетинг)",Платные соцсети,5,0.225
Millrose Properties (NYSE: MRP),"Публичный рынок (IR, не маркетинг)",Email и CRM,5,0.225
DLP Capital,Прямая цифровая воронка 506(c),Комиссии дистрибьюторам и агентам,8,0.9
DLP Capital,Прямая цифровая воронка 506(c),"События, роудшоу, конференции",10,1.125
DLP Capital,Прямая цифровая воронка 506(c),"Контент, печать, презентационные материалы",22,2.475
DLP Capital,Прямая цифровая воронка 506(c),PR и отраслевые медиа,6,0.675
DLP Capital,Прямая цифровая воронка 506(c),Платный поиск и YouTube,24,2.7
DLP Capital,Прямая цифровая воронка 506(c),Платные соцсети,18,2.025
DLP Capital,Прямая цифровая воронка 506(c),Email и CRM,12,1.35
Caliber (NASDAQ: CWD),Прямая цифровая воронка 506(c),Комиссии дистрибьюторам и агентам,8,0.27
Caliber (NASDAQ: CWD),Прямая цифровая воронка 506(c),"События, роудшоу, конференции",10,0.338
Caliber (NASDAQ: CWD),Прямая цифровая воронка 506(c),"Контент, печать, презентационные материалы",22,0.743
Caliber (NASDAQ: CWD),Прямая цифровая воронка 506(c),PR и отраслевые медиа,6,0.203
Caliber (NASDAQ: CWD),Прямая цифровая воронка 506(c),Платный поиск и YouTube,24,0.81
Caliber (NASDAQ: CWD),Прямая цифровая воронка 506(c),Платные соцсети,18,0.608
Caliber (NASDAQ: CWD),Прямая цифровая воронка 506(c),Email и CRM,12,0.405
AcreTrader,Прямая цифровая воронка 506(c),Комиссии дистрибьюторам и агентам,8,0.072
AcreTrader,Прямая цифровая воронка 506(c),"События, роудшоу, конференции",10,0.09
AcreTrader,Прямая цифровая воронка 506(c),"Контент, печать, презентационные материалы",22,0.198
AcreTrader,Прямая цифровая воронка 506(c),PR и отраслевые медиа,6,0.054
AcreTrader,Прямая цифровая воронка 506(c),Платный поиск и YouTube,24,0.216
AcreTrader,Прямая цифровая воронка 506(c),Платные соцсети,18,0.162
AcreTrader,Прямая цифровая воронка 506(c),Email и CRM,12,0.108
MLG Capital,Прямая цифровая воронка 506(c),Комиссии дистрибьюторам и агентам,8,0.45
MLG Capital,Прямая цифровая воронка 506(c),"События, роудшоу, конференции",10,0.562
MLG Capital,Прямая цифровая воронка 506(c),"Контент, печать, презентационные материалы",22,1.238
MLG Capital,Прямая цифровая воронка 506(c),PR и отраслевые медиа,6,0.338
MLG Capital,Прямая цифровая воронка 506(c),Платный поиск и YouTube,24,1.35
MLG Capital,Прямая цифровая воронка 506(c),Платные соцсети,18,1.012
MLG Capital,Прямая цифровая воронка 506(c),Email и CRM,12,0.675
Forestar Group (NYSE: FOR),"Публичный рынок (IR, не маркетинг)",Комиссии дистрибьюторам и агентам,5,0.045
Forestar Group (NYSE: FOR),"Публичный рынок (IR, не маркетинг)","События, роудшоу, конференции",22,0.198
Forestar Group (NYSE: FOR),"Публичный рынок (IR, не маркетинг)","Контент, печать, презентационные материалы",20,0.18
Forestar Group (NYSE: FOR),"Публичный рынок (IR, не маркетинг)",PR и отраслевые медиа,35,0.315
Forestar Group (NYSE: FOR),"Публичный рынок (IR, не маркетинг)",Платный поиск и YouTube,8,0.072
Forestar Group (NYSE: FOR),"Публичный рынок (IR, не маркетинг)",Платные соцсети,5,0.045
Forestar Group (NYSE: FOR),"Публичный рынок (IR, не маркетинг)",Email и CRM,5,0.045
Howard Hughes Holdings (NYSE: HHH),"Публичный рынок (IR, не маркетинг)",Комиссии дистрибьюторам и агентам,5,0.075
Howard Hughes Holdings (NYSE: HHH),"Публичный рынок (IR, не маркетинг)","События, роудшоу, конференции",22,0.33
Howard Hughes Holdings (NYSE: HHH),"Публичный рынок (IR, не маркетинг)","Контент, печать, презентационные материалы",20,0.3
Howard Hughes Holdings (NYSE: HHH),"Публичный рынок (IR, не маркетинг)",PR и отраслевые медиа,35,0.525
Howard Hughes Holdings (NYSE: HHH),"Публичный рынок (IR, не маркетинг)",Платный поиск и YouTube,8,0.12
Howard Hughes Holdings (NYSE: HHH),"Публичный рынок (IR, не маркетинг)",Платные соцсети,5,0.075
Howard Hughes Holdings (NYSE: HHH),"Публичный рынок (IR, не маркетинг)",Email и CRM,5,0.075
The St. Joe Company (NYSE: JOE),"Публичный рынок (IR, не маркетинг)",Комиссии дистрибьюторам и агентам,5,0.03
The St. Joe Company (NYSE: JOE),"Публичный рынок (IR, не маркетинг)","События, роудшоу, конференции",22,0.132
The St. Joe Company (NYSE: JOE),"Публичный рынок (IR, не маркетинг)","Контент, печать, презентационные материалы",20,0.12
The St. Joe Company (NYSE: JOE),"Публичный рынок (IR, не маркетинг)",PR и отраслевые медиа,35,0.21
The St. Joe Company (NYSE: JOE),"Публичный рынок (IR, не маркетинг)",Платный поиск и YouTube,8,0.048
The St. Joe Company (NYSE: JOE),"Публичный рынок (IR, не маркетинг)",Платные соцсети,5,0.03
The St. Joe Company (NYSE: JOE),"Публичный рынок (IR, не маркетинг)",Email и CRM,5,0.03
FarmTogether,Прямая цифровая воронка 506(c),Комиссии дистрибьюторам и агентам,8,0.09
FarmTogether,Прямая цифровая воронка 506(c),"События, роудшоу, конференции",10,0.113
FarmTogether,Прямая цифровая воронка 506(c),"Контент, печать, презентационные материалы",22,0.247
FarmTogether,Прямая цифровая воронка 506(c),PR и отраслевые медиа,6,0.068
FarmTogether,Прямая цифровая воронка 506(c),Платный поиск и YouTube,24,0.27
FarmTogether,Прямая цифровая воронка 506(c),Платные соцсети,18,0.203
FarmTogether,Прямая цифровая воронка 506(c),Email и CRM,12,0.135
Domain Real Estate Partners,Институциональные LP / placement agents,Комиссии дистрибьюторам и агентам,45,4.388
Domain Real Estate Partners,Институциональные LP / placement agents,"События, роудшоу, конференции",25,2.438
Domain Real Estate Partners,Институциональные LP / placement agents,"Контент, печать, презентационные материалы",12,1.17
Domain Real Estate Partners,Институциональные LP / placement agents,PR и отраслевые медиа,13,1.268
Domain Real Estate Partners,Институциональные LP / placement agents,Платный поиск и YouTube,0,0.0
Domain Real Estate Partners,Институциональные LP / placement agents,Платные соцсети,2,0.195
Domain Real Estate Partners,Институциональные LP / placement agents,Email и CRM,3,0.292
BTI Partners,Институциональные LP / placement agents,Комиссии дистрибьюторам и агентам,45,0.585
BTI Partners,Институциональные LP / placement agents,"События, роудшоу, конференции",25,0.325
BTI Partners,Институциональные LP / placement agents,"Контент, печать, презентационные материалы",12,0.156
BTI Partners,Институциональные LP / placement agents,PR и отраслевые медиа,13,0.169
BTI Partners,Институциональные LP / placement agents,Платный поиск и YouTube,0,0.0
BTI Partners,Институциональные LP / placement agents,Платные соцсети,2,0.026
BTI Partners,Институциональные LP / placement agents,Email и CRM,3,0.039
GSP REI,Прямая цифровая воронка 506(c),Комиссии дистрибьюторам и агентам,8,0.108
GSP REI,Прямая цифровая воронка 506(c),"События, роудшоу, конференции",10,0.135
GSP REI,Прямая цифровая воронка 506(c),"Контент, печать, презентационные материалы",22,0.297
GSP REI,Прямая цифровая воронка 506(c),PR и отраслевые медиа,6,0.081
GSP REI,Прямая цифровая воронка 506(c),Платный поиск и YouTube,24,0.324
GSP REI,Прямая цифровая воронка 506(c),Платные соцсети,18,0.243
GSP REI,Прямая цифровая воронка 506(c),Email и CRM,12,0.162
Tejon Ranch Co (NYSE: TRC),"Публичный рынок (IR, не маркетинг)",Комиссии дистрибьюторам и агентам,5,0.007
Tejon Ranch Co (NYSE: TRC),"Публичный рынок (IR, не маркетинг)","События, роудшоу, конференции",22,0.033
Tejon Ranch Co (NYSE: TRC),"Публичный рынок (IR, не маркетинг)","Контент, печать, презентационные материалы",20,0.03
Tejon Ranch Co (NYSE: TRC),"Публичный рынок (IR, не маркетинг)",PR и отраслевые медиа,35,0.052
Tejon Ranch Co (NYSE: TRC),"Публичный рынок (IR, не маркетинг)",Платный поиск и YouTube,8,0.012
Tejon Ranch Co (NYSE: TRC),"Публичный рынок (IR, не маркетинг)",Платные соцсети,5,0.007
Tejon Ranch Co (NYSE: TRC),"Публичный рынок (IR, не маркетинг)",Email и CRM,5,0.007
Allied Development,Прямая цифровая воронка 506(c),Комиссии дистрибьюторам и агентам,8,0.045
Allied Development,Прямая цифровая воронка 506(c),"События, роудшоу, конференции",10,0.056
Allied Development,Прямая цифровая воронка 506(c),"Контент, печать, презентационные материалы",22,0.124
Allied Development,Прямая цифровая воронка 506(c),PR и отраслевые медиа,6,0.034
Allied Development,Прямая цифровая воронка 506(c),Платный поиск и YouTube,24,0.135
Allied Development,Прямая цифровая воронка 506(c),Платные соцсети,18,0.101
Allied Development,Прямая цифровая воронка 506(c),Email и CRM,12,0.068
13th Floor Investments,Институциональные LP / placement agents,Комиссии дистрибьюторам и агентам,45,0.877
13th Floor Investments,Институциональные LP / placement agents,"События, роудшоу, конференции",25,0.487
13th Floor Investments,Институциональные LP / placement agents,"Контент, печать, презентационные материалы",12,0.234
13th Floor Investments,Институциональные LP / placement agents,PR и отраслевые медиа,13,0.254
13th Floor Investments,Институциональные LP / placement agents,Платный поиск и YouTube,0,0.0
13th Floor Investments,Институциональные LP / placement agents,Платные соцсети,2,0.039
13th Floor Investments,Институциональные LP / placement agents,Email и CRM,3,0.058
Urban Catalyst,Прямая цифровая воронка 506(c),Комиссии дистрибьюторам и агентам,8,0.054
Urban Catalyst,Прямая цифровая воронка 506(c),"События, роудшоу, конференции",10,0.067
Urban Catalyst,Прямая цифровая воронка 506(c),"Контент, печать, презентационные материалы",22,0.148
Urban Catalyst,Прямая цифровая воронка 506(c),PR и отраслевые медиа,6,0.041
Urban Catalyst,Прямая цифровая воронка 506(c),Платный поиск и YouTube,24,0.162
Urban Catalyst,Прямая цифровая воронка 506(c),Платные соцсети,18,0.121
Urban Catalyst,Прямая цифровая воронка 506(c),Email и CRM,12,0.081
Five Point Holdings (NYSE: FPH),"Публичный рынок (IR, не маркетинг)",Комиссии дистрибьюторам и агентам,5,0.022
Five Point Holdings (NYSE: FPH),"Публичный рынок (IR, не маркетинг)","События, роудшоу, конференции",22,0.099
Five Point Holdings (NYSE: FPH),"Публичный рынок (IR, не маркетинг)","Контент, печать, презентационные материалы",20,0.09
Five Point Holdings (NYSE: FPH),"Публичный рынок (IR, не маркетинг)",PR и отраслевые медиа,35,0.158
Five Point Holdings (NYSE: FPH),"Публичный рынок (IR, не маркетинг)",Платный поиск и YouTube,8,0.036
Five Point Holdings (NYSE: FPH),"Публичный рынок (IR, не маркетинг)",Платные соцсети,5,0.022
Five Point Holdings (NYSE: FPH),"Публичный рынок (IR, не маркетинг)",Email и CRM,5,0.022
Crow Holdings,Институциональные LP / placement agents,Комиссии дистрибьюторам и агентам,45,2.34
Crow Holdings,Институциональные LP / placement agents,"События, роудшоу, конференции",25,1.3
Crow Holdings,Институциональные LP / placement agents,"Контент, печать, презентационные материалы",12,0.624
Crow Holdings,Институциональные LP / placement agents,PR и отраслевые медиа,13,0.676
Crow Holdings,Институциональные LP / placement agents,Платный поиск и YouTube,0,0.0
Crow Holdings,Институциональные LP / placement agents,Платные соцсети,2,0.104
Crow Holdings,Институциональные LP / placement agents,Email и CRM,3,0.156
Bedrock Land Finance (TWG Global),Институциональные LP / placement agents,Комиссии дистрибьюторам и агентам,45,2.34
Bedrock Land Finance (TWG Global),Институциональные LP / placement agents,"События, роудшоу, конференции",25,1.3
Bedrock Land Finance (TWG Global),Институциональные LP / placement agents,"Контент, печать, презентационные материалы",12,0.624
Bedrock Land Finance (TWG Global),Институциональные LP / placement agents,PR и отраслевые медиа,13,0.676
Bedrock Land Finance (TWG Global),Институциональные LP / placement agents,Платный поиск и YouTube,0,0.0
Bedrock Land Finance (TWG Global),Институциональные LP / placement agents,Платные соцсети,2,0.104
Bedrock Land Finance (TWG Global),Институциональные LP / placement agents,Email и CRM,3,0.156
