rank,tier,name,hq,domain,acres,projects,markets,aum_usd_m,raised_usd_m,regd_entities,formd_count,pct_506c,formd_sold_usd_m,google_ads,yt_subs,yt_vids,min_check_usd,investors,countries,dist_channels,model,channel_model,note,BLOCK_A,BLOCK_B,BLOCK_C,BLOCK_D,TOTAL,DATA_COMPLETENESS_PCT,A1_acres,A2_projects,A3_markets,B1_aum,B2_raised,B3_vehicles,C1_google,C2_social_paid,C3_content,C4_distribution,C5_organic,D1_funnel,D2_solicit
1,1,Walton Global,"Scottsdale, AZ",walton.com,80500,198,34,4640,3140,44,118,0.0,8276,0,,,500,89000,91,300,"Land banking: покупка pre-development земли, синдикация долей, продажа застройщикам","300+ одобренных каналов дистрибуции; брокер-дилеры, RIA, family offices; офисы Гонконг/Сингапур/Тайбэй/Токио/Манила/Дубай; Global Distributor Meet","Крупнейший частный land asset manager мира. 52/52 предложений — 506(b): публичная реклама ЗАПРЕЩЕНА юридически. $8,28 млрд продано по формам D.",26,24,13,3,66,100,10,10,6,8,10,6,0,2,5,6,0,3,0
2,1,Millrose Properties (NYSE: MRP),"Miami, FL",millroseproperties.com,143771,877,30,9700,16300,,,,,0,,,,,1,19,Публичный land banking REIT: Homesite Option Purchase Platform,Публичный рынок акций + IR; внешнее управление Kennedy Lewis; 19 контрагентов-застройщиков,"143 771 homesites в 877 комьюнити в 30 штатах. Активы $9,7 млрд, ожидаемые takedown-поступления $16,3 млрд. Крупнейший земельный банк выборки.",28,25,4,7,64,60,12,10,6,10,10,5,0,0,1,3,0,3,4
3,2,DLP Capital,"St. Augustine, FL",dlpcapital.com,,25,22,5500,4206,22,51,73.8,4206,16,878,99,200000,11550,1,,"Семейство фондов: девелопмент, кредитование, attainable housing; инвестор входит в фонд","Контент-машина: ежеквартальные вебинары по каждому фонду, Elite Impact Podcast, Investor Vision Day, события, Inc. 5000 PR","31/42 предложений — 506(c). Медианный минимальный чек $200 000 — самый высокий в выборке. 11 550 инвесторов, $4,21 млрд продано. 26 000+ юнитов, 37 штатов.",12,26,17,8,63,90,0,6,6,10,10,6,4,4,3,5,1,5,3
4,2,Caliber (NASDAQ: CWD),"Scottsdale, AZ",caliberco.com,,,,2900,1321,29,106,57.7,1321,24,,,20000,4547,1,,"Альтернативный управляющий: земля, хоспиталити, OZ-фонды; розничный и HNW-капитал","Вебинары, подкасты, видео-отзывы инвесторов, book-an-investor-call, события; LinkedIn/FB/X/IG/YouTube","$2,9 млрд AUM+AUD, $1,32 млрд продано по формам D, 4 547 инвесторов. 39 форм D с 2024 — высокая текущая активность.",0,22,19,9,50,70,0,0,0,8,8,6,6,4,5,4,0,5,4
5,2,MLG Capital,"Brookfield, WI",mlgcapital.com,,,,8800,8194,45,87,82.4,8194,22,193,15,50000,4879,1,,Частные фонды недвижимости + JV-equity опытным операторам,Платный поиск + контент; дистрибуция через investment advisors и family offices,"$8,19 млрд продано по формам D, 4 879 инвесторов, 82,4% предложений — 506(c). 33 145 юнитов, $8,8 млрд рыночной стоимости. Лучший в выборке баланс масштаба и юридического права рекламировать.",0,26,14,7,47,70,0,0,0,10,10,6,6,3,1,3,1,4,3
6,2,AcreTrader,"Fayetteville, AR",acretrader.com,,100,,,186,100,101,100.0,186,3,1210,152,17125,7035,1,,"Фермерская земля: каждый участок — отдельное SPV, инвестор берёт долю",Контент-маркетинг и образовательная воронка; платная реклама минимальна при 100% праве на неё,"101 из 101 предложения — 506(c): полное право рекламировать, но лишь 3 объявления. Сознательный выбор контента вместо платного трафика.",10,14,13,9,46,70,0,10,0,0,4,10,2,2,5,2,2,4,5
7,1,Forestar Group (NYSE: FOR),"Arlington, TX",forestar.com,91700,,65,,,,,,,60,,,,,1,,Крупнейший независимый девелопер жилых лотов: земля → горизонталь → продажа лотов,"Публичный рынок (контроль D.R. Horton). 60 объявлений Google — B2B/HR, не привлечение инвесторов","91 700 лотов (62 200 собственных + 29 500 контролируемых), 65 рынков в 24 штатах.",18,5,13,6,42,30,10,0,8,0,0,5,7,1,2,3,0,2,4
8,1,Howard Hughes Holdings (NYSE: HHH),"The Woodlands, TX",howardhughes.com,118000,5,5,,,,,,,0,,,,,1,,"Master-planned communities: владение землёй, продажа лотов, JV по коммерческим активам",Публичный рынок + JV с институциональными партнёрами; потребительская реклама на уровне комьюнити,"118 000+ акров в 5 штатах: Teravalis 37 000, Summerlin 22 500, Bridgeland 11 500.",16,5,12,7,40,40,12,2,2,0,0,5,0,3,5,4,0,3,4
9,1,The St. Joe Company (NYSE: JOE),"Panama City Beach, FL",joe.com,165000,12,1,,,,,,,0,1110,228,,,1,,Крупнейший частный землевладелец Флориды; монетизация через JV с операторами,"JV с профильными операторами (Minto/Latitude Margaritaville, Key International, InterMountain); публичный рынок","~165 000 акров, 90% в 15 милях от Мексиканского залива. JV-выручка $56,1 млн за Q1 2026. 12 отелей.",17,5,12,6,40,40,12,4,1,0,0,5,0,2,5,3,2,2,4
10,2,FarmTogether,"San Francisco, CA",farmtogether.com,,44,,,260,44,60,93.3,260,24,,,15000,5891,1,,"Фермерская земля, premium permanent crops; SPV на объект",Платный поиск + контент; ~1 новое предложение в месяц,"44 Reg D-эмитента, 56/60 — 506(c). Самый активный платный рекламодатель среди землевладельческих структур.",6,10,14,9,39,70,0,6,0,0,4,6,6,3,3,2,0,4,5
11,2,GSP REI,"Paoli, PA",gsprei.com,,29,40,,1698,57,78,9.2,1698,0,,,25000,1647,1,,Land Entitlement Fund: покупка raw land → entitlements → продажа национальным домостроителям,"Gated-материалы фонда, прямые продажи аккредитованным; публичной рекламы нет","57 Reg D-эмитентов, 78 форм D, 38 с 2024 — второй по текущей активности. $1,70 млрд продано, 1 647 инвесторов. Но лишь 9,2% предложений — 506(c): отсюда ноль рекламы.",12,16,4,5,37,80,0,6,6,0,8,8,0,1,1,2,0,4,1
12,1,Domain Real Estate Partners,"Chicago, IL",domainrealestatepartners.com,,720,,6000,16000,,,,,0,,,,,1,,Land banking / lot option financing + project-level equity для застройщиков,"Институциональные LP: PGIM ($4 млрд совместно), страховые балансы. Клиенты — Lennar, PulteGroup, Toll Brothers","720+ проектов, ~$16 млрд совокупной стоимости, $6 млрд развёрнуто. Основан в 2015. Розничной рекламы нет.",10,20,5,1,36,40,0,10,0,10,10,0,0,0,1,4,0,1,0
13,1,Crow Holdings,"Dallas, TX",crowholdings.com,,,,33000,38235,44,84,0.0,38235,0,,,5000000,2350,1,,"Девелопмент-фонды: земля под индустриальные и жилые проекты, институциональный капитал","Институциональные LP, фонды Development Opportunities / Industrial Development; без публичной рекламы","САМЫЕ КРУПНЫЕ ЧЕКИ ВЫБОРКИ: медианный минимальный чек $5 000 000. $38,2 млрд продано по формам D, 2 350 инвесторов, 54 из 54 предложений — 506(b). Эталон искомой модели — и при этом ноль рекламы.",0,26,5,1,32,70,0,0,0,10,10,6,0,0,1,4,0,1,0
14,1,BTI Partners,"Fort Lauderdale, FL",btipartners.com,12000,6,4,3600,650,1,1,,,0,113,19,,,1,,Land developer / land investor Флориды: MPC и waterfront,Институциональные партнёры; публичной инвест-воронки нет,"~12 000 акров приобретено/контролируется, $3,6 млрд сделок, 18 000 юнитов построено. 2 091 акр в Джексонвилле ($53,2 млн, апрель 2026) + 7 850 акров в Clay County.",10,15,5,1,31,70,6,2,2,8,6,1,0,1,1,2,1,1,0
15,1,Tejon Ranch Co (NYSE: TRC),"Lebec, CA",tejonranch.com,270000,4,1,,,,,,,0,5,1,,,1,,Крупнейший единый земельный массив Калифорнии; развитие ТОЛЬКО через JV,"Прямые JV с девелоперами (Majestic Realty, Dedeaux Properties, 3 домостроителя); публичный рынок","270 000 акров — эталон модели 'не продаём, а участвуем'. YouTube: 5 подписчиков, 1 видео за всю историю.",13,5,4,6,28,40,12,0,1,0,0,5,0,0,1,3,0,2,4
16,2,Allied Development,USA,alliedlandfund.com,,30,,,,2,4,,,5,54,76,100000,,1,,Land entitlement fund: покупка земли → entitlements → продажа домостроителям,"Воронка 'Book a Clarity Call' (15–30 мин), gated-материалы, 15% preferred, квартальные выплаты",30+ завершённых entitlement-проектов. Минимум $100 000. Чистый пример 506(c)-воронки малого масштаба.,6,1,8,10,25,40,0,6,0,0,0,1,2,2,3,1,0,5,5
17,1,13th Floor Investments,"Miami, FL",13fi.com,,70,2,5000,,1,1,,,0,,,,,1,,"Вертикально интегрированный инвестор: земля + девелопмент, вход на любом уровне капстека","JV с институциональными и семейными партнёрами (Adler Group, LeFrak, Related Group)","$5 млрд+ недвижимости под управлением, 70+ сделок за 17 лет, 40+ профессионалов. Таргет 2,0x / 20%+.",9,11,3,1,24,50,0,8,1,10,0,1,0,0,1,2,0,1,0
18,2,Urban Catalyst,"San Jose, CA",urbancatalyst.com,,7,1,,131,5,8,66.7,13,2,67,16,100000,356,1,,Opportunity Zone девелопер: земля + ground-up проекты в центре Сан-Хосе,"OZ-ниша: вебинары, блог, инвест-спотлайты; Fund II закрыт в конце 2025, Fund III — 2027",Fund I: $131 млн от 356 инвесторов — средний чек ~$368 000. 7 ground-up проектов.,3,6,8,7,24,80,0,2,1,0,4,2,2,2,1,3,0,4,3
19,1,Five Point Holdings (NYSE: FPH),"Irvine, CA",fivepoint.com,40000,3,3,,,4,4,,,0,,,,,1,,MPC-девелопер Калифорнии + контроль в land banking venture Hearthstone,Публичный рынок + JV с домостроителями; с 31.07.2025 контроль в Hearthstone Residential Holdings,"Valencia 21 500 homesites, Great Park 2 100 акров / 11 856 домов, Candlestick 280 акров / 7 200 домов.",10,1,6,6,23,50,8,0,2,0,0,1,0,1,2,3,0,2,4
20,1,Bedrock Land Finance (TWG Global),"Dallas, TX",bedrocklandfinance.com,,,,5000,,,,,,0,,,,,1,,Land banking origination + A&D-кредитование домостроителей,Эксклюзивный land banking партнёр Guggenheim Investments (май 2026); институциональный капитал,Цель — профинансировать не менее $5 млрд девелопмента. Розничной рекламы нет в принципе.,0,10,4,1,15,20,0,0,0,10,0,0,0,0,0,4,0,1,0
