company,metric,value,status,source,note
Walton Global,Активных объявлений Google/YouTube (США),0,FACT-M,https://adstransparency.google.com/?region=US&domain=walton.com,"Прямое измерение Google Ads Transparency Center, 05.10.2026. ATC не раскрывает суммы — только наличие и количество."
Millrose Properties,Активных объявлений Google/YouTube (США),0,FACT-M,https://adstransparency.google.com/?region=US&domain=millroseproperties.com,"Прямое измерение Google Ads Transparency Center, 05.10.2026. ATC не раскрывает суммы — только наличие и количество."
DLP Capital,Активных объявлений Google/YouTube (США),16,FACT-M,https://adstransparency.google.com/?region=US&domain=dlpcapital.com,"Прямое измерение Google Ads Transparency Center, 05.10.2026. ATC не раскрывает суммы — только наличие и количество."
Caliber,Активных объявлений Google/YouTube (США),24,FACT-M,https://adstransparency.google.com/?region=US&domain=caliberco.com,"Прямое измерение Google Ads Transparency Center, 05.10.2026. ATC не раскрывает суммы — только наличие и количество."
MLG Capital,Активных объявлений Google/YouTube (США),22,FACT-M,https://adstransparency.google.com/?region=US&domain=mlgcapital.com,"Прямое измерение Google Ads Transparency Center, 05.10.2026. ATC не раскрывает суммы — только наличие и количество."
AcreTrader,Активных объявлений Google/YouTube (США),3,FACT-M,https://adstransparency.google.com/?region=US&domain=acretrader.com,"Прямое измерение Google Ads Transparency Center, 05.10.2026. ATC не раскрывает суммы — только наличие и количество."
Forestar Group,Активных объявлений Google/YouTube (США),60,FACT-M,https://adstransparency.google.com/?region=US&domain=forestar.com,"Прямое измерение Google Ads Transparency Center, 05.10.2026. ATC не раскрывает суммы — только наличие и количество."
Howard Hughes Holdings,Активных объявлений Google/YouTube (США),0,FACT-M,https://adstransparency.google.com/?region=US&domain=howardhughes.com,"Прямое измерение Google Ads Transparency Center, 05.10.2026. ATC не раскрывает суммы — только наличие и количество."
The St. Joe Company,Активных объявлений Google/YouTube (США),0,FACT-M,https://adstransparency.google.com/?region=US&domain=joe.com,"Прямое измерение Google Ads Transparency Center, 05.10.2026. ATC не раскрывает суммы — только наличие и количество."
FarmTogether,Активных объявлений Google/YouTube (США),24,FACT-M,https://adstransparency.google.com/?region=US&domain=farmtogether.com,"Прямое измерение Google Ads Transparency Center, 05.10.2026. ATC не раскрывает суммы — только наличие и количество."
GSP REI,Активных объявлений Google/YouTube (США),0,FACT-M,https://adstransparency.google.com/?region=US&domain=gsprei.com,"Прямое измерение Google Ads Transparency Center, 05.10.2026. ATC не раскрывает суммы — только наличие и количество."
Domain Real Estate Partners,Активных объявлений Google/YouTube (США),0,FACT-M,https://adstransparency.google.com/?region=US&domain=domainrep.com,"Прямое измерение Google Ads Transparency Center, 05.10.2026. ATC не раскрывает суммы — только наличие и количество."
Crow Holdings,Активных объявлений Google/YouTube (США),0,FACT-M,https://adstransparency.google.com/?region=US&domain=crowholdings.com,"Прямое измерение Google Ads Transparency Center, 05.10.2026. ATC не раскрывает суммы — только наличие и количество."
BTI Partners,Активных объявлений Google/YouTube (США),0,FACT-M,https://adstransparency.google.com/?region=US&domain=btipartners.com,"Прямое измерение Google Ads Transparency Center, 05.10.2026. ATC не раскрывает суммы — только наличие и количество."
Tejon Ranch Co,Активных объявлений Google/YouTube (США),0,FACT-M,https://adstransparency.google.com/?region=US&domain=tejonranch.com,"Прямое измерение Google Ads Transparency Center, 05.10.2026. ATC не раскрывает суммы — только наличие и количество."
Allied Development,Активных объявлений Google/YouTube (США),5,FACT-M,https://adstransparency.google.com/?region=US&domain=alliedlandfund.com,"Прямое измерение Google Ads Transparency Center, 05.10.2026. ATC не раскрывает суммы — только наличие и количество."
13th Floor Investments,Активных объявлений Google/YouTube (США),0,FACT-M,https://adstransparency.google.com/?region=US&domain=13fi.com,"Прямое измерение Google Ads Transparency Center, 05.10.2026. ATC не раскрывает суммы — только наличие и количество."
Urban Catalyst,Активных объявлений Google/YouTube (США),2,FACT-M,https://adstransparency.google.com/?region=US&domain=urbancatalyst.com,"Прямое измерение Google Ads Transparency Center, 05.10.2026. ATC не раскрывает суммы — только наличие и количество."
Five Point Holdings,Активных объявлений Google/YouTube (США),0,FACT-M,https://adstransparency.google.com/?region=US&domain=fivepoint.com,"Прямое измерение Google Ads Transparency Center, 05.10.2026. ATC не раскрывает суммы — только наличие и количество."
Bedrock Land Finance,Активных объявлений Google/YouTube (США),0,FACT-M,https://adstransparency.google.com/?region=US&domain=bedrocklandfinance.com,"Прямое измерение Google Ads Transparency Center, 05.10.2026. ATC не раскрывает суммы — только наличие и количество."
Fundrise [бенчмарк],Активных объявлений Google/YouTube (США),200,FACT-M,https://adstransparency.google.com/?region=US&domain=fundrise.com,"Прямое измерение Google Ads Transparency Center, 05.10.2026. ATC не раскрывает суммы — только наличие и количество."
Cardone Capital [бенчмарк],Активных объявлений Google/YouTube (США),69,FACT-M,https://adstransparency.google.com/?region=US&domain=cardonecapital.com,"Прямое измерение Google Ads Transparency Center, 05.10.2026. ATC не раскрывает суммы — только наличие и количество."
Origin Investments [бенчмарк],Активных объявлений Google/YouTube (США),51,FACT-M,https://adstransparency.google.com/?region=US&domain=origininvestments.com,"Прямое измерение Google Ads Transparency Center, 05.10.2026. ATC не раскрывает суммы — только наличие и количество."
CrowdStreet [бенчмарк],Активных объявлений Google/YouTube (США),32,FACT-M,https://adstransparency.google.com/?region=US&domain=crowdstreet.com,"Прямое измерение Google Ads Transparency Center, 05.10.2026. ATC не раскрывает суммы — только наличие и количество."
RealtyMogul [бенчмарк],Активных объявлений Google/YouTube (США),29,FACT-M,https://adstransparency.google.com/?region=US&domain=realtymogul.com,"Прямое измерение Google Ads Transparency Center, 05.10.2026. ATC не раскрывает суммы — только наличие и количество."
New Western [бенчмарк],Активных объявлений Google/YouTube (США),200,FACT-M,https://adstransparency.google.com/?region=US&domain=newwestern.com,"Прямое измерение Google Ads Transparency Center, 05.10.2026. ATC не раскрывает суммы — только наличие и количество."
Brookfield Residential [бенчмарк],Активных объявлений Google/YouTube (США),700,FACT-M,https://adstransparency.google.com/?region=US&domain=brookfieldresidential.com,"Прямое измерение Google Ads Transparency Center, 05.10.2026. ATC не раскрывает суммы — только наличие и количество."
Land Advisors [бенчмарк],Активных объявлений Google/YouTube (США),16,FACT-M,https://adstransparency.google.com/?region=US&domain=landadvisors.com,"Прямое измерение Google Ads Transparency Center, 05.10.2026. ATC не раскрывает суммы — только наличие и количество."
LandGate [бенчмарк],Активных объявлений Google/YouTube (США),53,FACT-M,https://adstransparency.google.com/?region=US&domain=landgate.com,"Прямое измерение Google Ads Transparency Center, 05.10.2026. ATC не раскрывает суммы — только наличие и количество."
EquityMultiple [бенчмарк],Активных объявлений Google/YouTube (США),7,FACT-M,https://adstransparency.google.com/?region=US&domain=equitymultiple.com,"Прямое измерение Google Ads Transparency Center, 05.10.2026. ATC не раскрывает суммы — только наличие и количество."
Yieldstreet [бенчмарк],Активных объявлений Google/YouTube (США),2,FACT-M,https://adstransparency.google.com/?region=US&domain=yieldstreet.com,"Прямое измерение Google Ads Transparency Center, 05.10.2026. ATC не раскрывает суммы — только наличие и количество."
Belpointe OZ,Активных объявлений Google/YouTube (США),0,FACT-M,https://adstransparency.google.com/?region=US&domain=belpointeoz.com,"Прямое измерение Google Ads Transparency Center, 05.10.2026. ATC не раскрывает суммы — только наличие и количество."
NexMetro,Активных объявлений Google/YouTube (США),0,FACT-M,https://adstransparency.google.com/?region=US&domain=nexmetro.com,"Прямое измерение Google Ads Transparency Center, 05.10.2026. ATC не раскрывает суммы — только наличие и количество."
GTIS Partners,Активных объявлений Google/YouTube (США),0,FACT-M,https://adstransparency.google.com/?region=US&domain=gtispartners.com,"Прямое измерение Google Ads Transparency Center, 05.10.2026. ATC не раскрывает суммы — только наличие и количество."
Promised Land OZ,Активных объявлений Google/YouTube (США),0,FACT-M,https://adstransparency.google.com/?region=US&domain=promisedland.fund,"Прямое измерение Google Ads Transparency Center, 05.10.2026. ATC не раскрывает суммы — только наличие и количество."
Hines,Активных объявлений Google/YouTube (США),4,FACT-M,https://adstransparency.google.com/?region=US&domain=hines.com,"Прямое измерение Google Ads Transparency Center, 05.10.2026. ATC не раскрывает суммы — только наличие и количество."
Walton Global,Число отдельных Reg D-эмитентов (после очистки от однофамильцев),44,FACT-M,https://www.sec.gov/cgi-bin/browse-edgar?action=getcompany&company=Walton+Global&type=D&dateb=&owner=include&count=100,"SEC EDGAR, выгрузка 05.10.2026. Имена эмитентов отфильтрованы по включающему/исключающему паттерну."
Walton Global,Подано форм D (всего),118,FACT-M,https://www.sec.gov/cgi-bin/browse-edgar?action=getcompany&company=Walton+Global&type=D&dateb=&owner=include&count=100,
Walton Global,Подано форм D с 01.01.2024 (текущая активность),6,FACT-M,https://www.sec.gov/cgi-bin/browse-edgar?action=getcompany&company=Walton+Global&type=D&dateb=&owner=include&count=100,
Walton Global,"Доля предложений 506(c), % — право на публичную рекламу",0.0,FACT-M,https://www.sec.gov/cgi-bin/browse-edgar?action=getcompany&company=Walton+Global&type=D&dateb=&owner=include&count=100,Поле federalExemptionsExclusions в primary_doc.xml. 506(b) ЗАПРЕЩАЕТ general solicitation.
Walton Global,"Сумма продано по формам D, $млн",8276,FACT-M,https://www.sec.gov/cgi-bin/browse-edgar?action=getcompany&company=Walton+Global&type=D&dateb=&owner=include&count=100,Сумма totalAmountSold по разобранным формам с 2019 г. Не равна AUM.
Walton Global,"Медианный минимальный чек по формам D, $",500,FACT-M,https://www.sec.gov/cgi-bin/browse-edgar?action=getcompany&company=Walton+Global&type=D&dateb=&owner=include&count=100,Медиана minimumInvestmentAccepted по ненулевым значениям.
Walton Global,Инвесторов по формам D (сумма totalNumberAlreadyInvested),516,FACT-M,https://www.sec.gov/cgi-bin/browse-edgar?action=getcompany&company=Walton+Global&type=D&dateb=&owner=include&count=100,Учитывает только инвесторов в этих конкретных предложениях; офшорные инвесторы могут не попадать.
DLP Capital,Число отдельных Reg D-эмитентов (после очистки от однофамильцев),22,FACT-M,https://www.sec.gov/cgi-bin/browse-edgar?action=getcompany&company=DLP+Capital&type=D&dateb=&owner=include&count=100,"SEC EDGAR, выгрузка 05.10.2026. Имена эмитентов отфильтрованы по включающему/исключающему паттерну."
DLP Capital,Подано форм D (всего),51,FACT-M,https://www.sec.gov/cgi-bin/browse-edgar?action=getcompany&company=DLP+Capital&type=D&dateb=&owner=include&count=100,
DLP Capital,Подано форм D с 01.01.2024 (текущая активность),21,FACT-M,https://www.sec.gov/cgi-bin/browse-edgar?action=getcompany&company=DLP+Capital&type=D&dateb=&owner=include&count=100,
DLP Capital,"Доля предложений 506(c), % — право на публичную рекламу",73.8,FACT-M,https://www.sec.gov/cgi-bin/browse-edgar?action=getcompany&company=DLP+Capital&type=D&dateb=&owner=include&count=100,Поле federalExemptionsExclusions в primary_doc.xml. 506(b) ЗАПРЕЩАЕТ general solicitation.
DLP Capital,"Сумма продано по формам D, $млн",4206,FACT-M,https://www.sec.gov/cgi-bin/browse-edgar?action=getcompany&company=DLP+Capital&type=D&dateb=&owner=include&count=100,Сумма totalAmountSold по разобранным формам с 2019 г. Не равна AUM.
DLP Capital,"Медианный минимальный чек по формам D, $",200000,FACT-M,https://www.sec.gov/cgi-bin/browse-edgar?action=getcompany&company=DLP+Capital&type=D&dateb=&owner=include&count=100,Медиана minimumInvestmentAccepted по ненулевым значениям.
DLP Capital,Инвесторов по формам D (сумма totalNumberAlreadyInvested),11550,FACT-M,https://www.sec.gov/cgi-bin/browse-edgar?action=getcompany&company=DLP+Capital&type=D&dateb=&owner=include&count=100,Учитывает только инвесторов в этих конкретных предложениях; офшорные инвесторы могут не попадать.
Caliber,Число отдельных Reg D-эмитентов (после очистки от однофамильцев),29,FACT-M,https://www.sec.gov/cgi-bin/browse-edgar?action=getcompany&company=Caliber&type=D&dateb=&owner=include&count=100,"SEC EDGAR, выгрузка 05.10.2026. Имена эмитентов отфильтрованы по включающему/исключающему паттерну."
Caliber,Подано форм D (всего),106,FACT-M,https://www.sec.gov/cgi-bin/browse-edgar?action=getcompany&company=Caliber&type=D&dateb=&owner=include&count=100,
Caliber,Подано форм D с 01.01.2024 (текущая активность),39,FACT-M,https://www.sec.gov/cgi-bin/browse-edgar?action=getcompany&company=Caliber&type=D&dateb=&owner=include&count=100,
Caliber,"Доля предложений 506(c), % — право на публичную рекламу",57.7,FACT-M,https://www.sec.gov/cgi-bin/browse-edgar?action=getcompany&company=Caliber&type=D&dateb=&owner=include&count=100,Поле federalExemptionsExclusions в primary_doc.xml. 506(b) ЗАПРЕЩАЕТ general solicitation.
Caliber,"Сумма продано по формам D, $млн",1321,FACT-M,https://www.sec.gov/cgi-bin/browse-edgar?action=getcompany&company=Caliber&type=D&dateb=&owner=include&count=100,Сумма totalAmountSold по разобранным формам с 2019 г. Не равна AUM.
Caliber,"Медианный минимальный чек по формам D, $",20000,FACT-M,https://www.sec.gov/cgi-bin/browse-edgar?action=getcompany&company=Caliber&type=D&dateb=&owner=include&count=100,Медиана minimumInvestmentAccepted по ненулевым значениям.
Caliber,Инвесторов по формам D (сумма totalNumberAlreadyInvested),4547,FACT-M,https://www.sec.gov/cgi-bin/browse-edgar?action=getcompany&company=Caliber&type=D&dateb=&owner=include&count=100,Учитывает только инвесторов в этих конкретных предложениях; офшорные инвесторы могут не попадать.
MLG Capital,Число отдельных Reg D-эмитентов (после очистки от однофамильцев),45,FACT-M,https://www.sec.gov/cgi-bin/browse-edgar?action=getcompany&company=MLG+Capital&type=D&dateb=&owner=include&count=100,"SEC EDGAR, выгрузка 05.10.2026. Имена эмитентов отфильтрованы по включающему/исключающему паттерну."
MLG Capital,Подано форм D (всего),87,FACT-M,https://www.sec.gov/cgi-bin/browse-edgar?action=getcompany&company=MLG+Capital&type=D&dateb=&owner=include&count=100,
MLG Capital,Подано форм D с 01.01.2024 (текущая активность),22,FACT-M,https://www.sec.gov/cgi-bin/browse-edgar?action=getcompany&company=MLG+Capital&type=D&dateb=&owner=include&count=100,
MLG Capital,"Доля предложений 506(c), % — право на публичную рекламу",82.4,FACT-M,https://www.sec.gov/cgi-bin/browse-edgar?action=getcompany&company=MLG+Capital&type=D&dateb=&owner=include&count=100,Поле federalExemptionsExclusions в primary_doc.xml. 506(b) ЗАПРЕЩАЕТ general solicitation.
MLG Capital,"Сумма продано по формам D, $млн",8194,FACT-M,https://www.sec.gov/cgi-bin/browse-edgar?action=getcompany&company=MLG+Capital&type=D&dateb=&owner=include&count=100,Сумма totalAmountSold по разобранным формам с 2019 г. Не равна AUM.
MLG Capital,"Медианный минимальный чек по формам D, $",50000,FACT-M,https://www.sec.gov/cgi-bin/browse-edgar?action=getcompany&company=MLG+Capital&type=D&dateb=&owner=include&count=100,Медиана minimumInvestmentAccepted по ненулевым значениям.
MLG Capital,Инвесторов по формам D (сумма totalNumberAlreadyInvested),4879,FACT-M,https://www.sec.gov/cgi-bin/browse-edgar?action=getcompany&company=MLG+Capital&type=D&dateb=&owner=include&count=100,Учитывает только инвесторов в этих конкретных предложениях; офшорные инвесторы могут не попадать.
GSP REI,Число отдельных Reg D-эмитентов (после очистки от однофамильцев),57,FACT-M,https://www.sec.gov/cgi-bin/browse-edgar?action=getcompany&company=GSP+REI&type=D&dateb=&owner=include&count=100,"SEC EDGAR, выгрузка 05.10.2026. Имена эмитентов отфильтрованы по включающему/исключающему паттерну."
GSP REI,Подано форм D (всего),78,FACT-M,https://www.sec.gov/cgi-bin/browse-edgar?action=getcompany&company=GSP+REI&type=D&dateb=&owner=include&count=100,
GSP REI,Подано форм D с 01.01.2024 (текущая активность),38,FACT-M,https://www.sec.gov/cgi-bin/browse-edgar?action=getcompany&company=GSP+REI&type=D&dateb=&owner=include&count=100,
GSP REI,"Доля предложений 506(c), % — право на публичную рекламу",9.2,FACT-M,https://www.sec.gov/cgi-bin/browse-edgar?action=getcompany&company=GSP+REI&type=D&dateb=&owner=include&count=100,Поле federalExemptionsExclusions в primary_doc.xml. 506(b) ЗАПРЕЩАЕТ general solicitation.
GSP REI,"Сумма продано по формам D, $млн",1698,FACT-M,https://www.sec.gov/cgi-bin/browse-edgar?action=getcompany&company=GSP+REI&type=D&dateb=&owner=include&count=100,Сумма totalAmountSold по разобранным формам с 2019 г. Не равна AUM.
GSP REI,"Медианный минимальный чек по формам D, $",25000,FACT-M,https://www.sec.gov/cgi-bin/browse-edgar?action=getcompany&company=GSP+REI&type=D&dateb=&owner=include&count=100,Медиана minimumInvestmentAccepted по ненулевым значениям.
GSP REI,Инвесторов по формам D (сумма totalNumberAlreadyInvested),1647,FACT-M,https://www.sec.gov/cgi-bin/browse-edgar?action=getcompany&company=GSP+REI&type=D&dateb=&owner=include&count=100,Учитывает только инвесторов в этих конкретных предложениях; офшорные инвесторы могут не попадать.
Crow Holdings,Число отдельных Reg D-эмитентов (после очистки от однофамильцев),44,FACT-M,https://www.sec.gov/cgi-bin/browse-edgar?action=getcompany&company=Crow+Holdings&type=D&dateb=&owner=include&count=100,"SEC EDGAR, выгрузка 05.10.2026. Имена эмитентов отфильтрованы по включающему/исключающему паттерну."
Crow Holdings,Подано форм D (всего),84,FACT-M,https://www.sec.gov/cgi-bin/browse-edgar?action=getcompany&company=Crow+Holdings&type=D&dateb=&owner=include&count=100,
Crow Holdings,Подано форм D с 01.01.2024 (текущая активность),17,FACT-M,https://www.sec.gov/cgi-bin/browse-edgar?action=getcompany&company=Crow+Holdings&type=D&dateb=&owner=include&count=100,
Crow Holdings,"Доля предложений 506(c), % — право на публичную рекламу",0.0,FACT-M,https://www.sec.gov/cgi-bin/browse-edgar?action=getcompany&company=Crow+Holdings&type=D&dateb=&owner=include&count=100,Поле federalExemptionsExclusions в primary_doc.xml. 506(b) ЗАПРЕЩАЕТ general solicitation.
Crow Holdings,"Сумма продано по формам D, $млн",38235,FACT-M,https://www.sec.gov/cgi-bin/browse-edgar?action=getcompany&company=Crow+Holdings&type=D&dateb=&owner=include&count=100,Сумма totalAmountSold по разобранным формам с 2019 г. Не равна AUM.
Crow Holdings,"Медианный минимальный чек по формам D, $",5000000,FACT-M,https://www.sec.gov/cgi-bin/browse-edgar?action=getcompany&company=Crow+Holdings&type=D&dateb=&owner=include&count=100,Медиана minimumInvestmentAccepted по ненулевым значениям.
Crow Holdings,Инвесторов по формам D (сумма totalNumberAlreadyInvested),2350,FACT-M,https://www.sec.gov/cgi-bin/browse-edgar?action=getcompany&company=Crow+Holdings&type=D&dateb=&owner=include&count=100,Учитывает только инвесторов в этих конкретных предложениях; офшорные инвесторы могут не попадать.
AcreTrader,Число отдельных Reg D-эмитентов (после очистки от однофамильцев),100,FACT-M,https://www.sec.gov/cgi-bin/browse-edgar?action=getcompany&company=AcreTrader&type=D&dateb=&owner=include&count=100,"SEC EDGAR, выгрузка 05.10.2026. Имена эмитентов отфильтрованы по включающему/исключающему паттерну."
AcreTrader,Подано форм D (всего),101,FACT-M,https://www.sec.gov/cgi-bin/browse-edgar?action=getcompany&company=AcreTrader&type=D&dateb=&owner=include&count=100,
AcreTrader,Подано форм D с 01.01.2024 (текущая активность),1,FACT-M,https://www.sec.gov/cgi-bin/browse-edgar?action=getcompany&company=AcreTrader&type=D&dateb=&owner=include&count=100,
AcreTrader,"Доля предложений 506(c), % — право на публичную рекламу",100.0,FACT-M,https://www.sec.gov/cgi-bin/browse-edgar?action=getcompany&company=AcreTrader&type=D&dateb=&owner=include&count=100,Поле federalExemptionsExclusions в primary_doc.xml. 506(b) ЗАПРЕЩАЕТ general solicitation.
AcreTrader,"Сумма продано по формам D, $млн",186,FACT-M,https://www.sec.gov/cgi-bin/browse-edgar?action=getcompany&company=AcreTrader&type=D&dateb=&owner=include&count=100,Сумма totalAmountSold по разобранным формам с 2019 г. Не равна AUM.
AcreTrader,"Медианный минимальный чек по формам D, $",17125,FACT-M,https://www.sec.gov/cgi-bin/browse-edgar?action=getcompany&company=AcreTrader&type=D&dateb=&owner=include&count=100,Медиана minimumInvestmentAccepted по ненулевым значениям.
AcreTrader,Инвесторов по формам D (сумма totalNumberAlreadyInvested),7035,FACT-M,https://www.sec.gov/cgi-bin/browse-edgar?action=getcompany&company=AcreTrader&type=D&dateb=&owner=include&count=100,Учитывает только инвесторов в этих конкретных предложениях; офшорные инвесторы могут не попадать.
FarmTogether,Число отдельных Reg D-эмитентов (после очистки от однофамильцев),44,FACT-M,https://www.sec.gov/cgi-bin/browse-edgar?action=getcompany&company=FarmTogether&type=D&dateb=&owner=include&count=100,"SEC EDGAR, выгрузка 05.10.2026. Имена эмитентов отфильтрованы по включающему/исключающему паттерну."
FarmTogether,Подано форм D (всего),60,FACT-M,https://www.sec.gov/cgi-bin/browse-edgar?action=getcompany&company=FarmTogether&type=D&dateb=&owner=include&count=100,
FarmTogether,Подано форм D с 01.01.2024 (текущая активность),10,FACT-M,https://www.sec.gov/cgi-bin/browse-edgar?action=getcompany&company=FarmTogether&type=D&dateb=&owner=include&count=100,
FarmTogether,"Доля предложений 506(c), % — право на публичную рекламу",93.3,FACT-M,https://www.sec.gov/cgi-bin/browse-edgar?action=getcompany&company=FarmTogether&type=D&dateb=&owner=include&count=100,Поле federalExemptionsExclusions в primary_doc.xml. 506(b) ЗАПРЕЩАЕТ general solicitation.
FarmTogether,"Сумма продано по формам D, $млн",260,FACT-M,https://www.sec.gov/cgi-bin/browse-edgar?action=getcompany&company=FarmTogether&type=D&dateb=&owner=include&count=100,Сумма totalAmountSold по разобранным формам с 2019 г. Не равна AUM.
FarmTogether,"Медианный минимальный чек по формам D, $",15000,FACT-M,https://www.sec.gov/cgi-bin/browse-edgar?action=getcompany&company=FarmTogether&type=D&dateb=&owner=include&count=100,Медиана minimumInvestmentAccepted по ненулевым значениям.
FarmTogether,Инвесторов по формам D (сумма totalNumberAlreadyInvested),5891,FACT-M,https://www.sec.gov/cgi-bin/browse-edgar?action=getcompany&company=FarmTogether&type=D&dateb=&owner=include&count=100,Учитывает только инвесторов в этих конкретных предложениях; офшорные инвесторы могут не попадать.
Urban Catalyst,Число отдельных Reg D-эмитентов (после очистки от однофамильцев),5,FACT-M,https://www.sec.gov/cgi-bin/browse-edgar?action=getcompany&company=Urban+Catalyst&type=D&dateb=&owner=include&count=100,"SEC EDGAR, выгрузка 05.10.2026. Имена эмитентов отфильтрованы по включающему/исключающему паттерну."
Urban Catalyst,Подано форм D (всего),8,FACT-M,https://www.sec.gov/cgi-bin/browse-edgar?action=getcompany&company=Urban+Catalyst&type=D&dateb=&owner=include&count=100,
Urban Catalyst,Подано форм D с 01.01.2024 (текущая активность),0,FACT-M,https://www.sec.gov/cgi-bin/browse-edgar?action=getcompany&company=Urban+Catalyst&type=D&dateb=&owner=include&count=100,
Urban Catalyst,"Доля предложений 506(c), % — право на публичную рекламу",66.7,FACT-M,https://www.sec.gov/cgi-bin/browse-edgar?action=getcompany&company=Urban+Catalyst&type=D&dateb=&owner=include&count=100,Поле federalExemptionsExclusions в primary_doc.xml. 506(b) ЗАПРЕЩАЕТ general solicitation.
Urban Catalyst,"Сумма продано по формам D, $млн",13,FACT-M,https://www.sec.gov/cgi-bin/browse-edgar?action=getcompany&company=Urban+Catalyst&type=D&dateb=&owner=include&count=100,Сумма totalAmountSold по разобранным формам с 2019 г. Не равна AUM.
Urban Catalyst,"Медианный минимальный чек по формам D, $",100000,FACT-M,https://www.sec.gov/cgi-bin/browse-edgar?action=getcompany&company=Urban+Catalyst&type=D&dateb=&owner=include&count=100,Медиана minimumInvestmentAccepted по ненулевым значениям.
Urban Catalyst,Инвесторов по формам D (сумма totalNumberAlreadyInvested),27,FACT-M,https://www.sec.gov/cgi-bin/browse-edgar?action=getcompany&company=Urban+Catalyst&type=D&dateb=&owner=include&count=100,Учитывает только инвесторов в этих конкретных предложениях; офшорные инвесторы могут не попадать.
NexMetro,Число отдельных Reg D-эмитентов (после очистки от однофамильцев),13,FACT-M,https://www.sec.gov/cgi-bin/browse-edgar?action=getcompany&company=NexMetro&type=D&dateb=&owner=include&count=100,"SEC EDGAR, выгрузка 05.10.2026. Имена эмитентов отфильтрованы по включающему/исключающему паттерну."
NexMetro,Подано форм D (всего),35,FACT-M,https://www.sec.gov/cgi-bin/browse-edgar?action=getcompany&company=NexMetro&type=D&dateb=&owner=include&count=100,
NexMetro,Подано форм D с 01.01.2024 (текущая активность),16,FACT-M,https://www.sec.gov/cgi-bin/browse-edgar?action=getcompany&company=NexMetro&type=D&dateb=&owner=include&count=100,
NexMetro,"Доля предложений 506(c), % — право на публичную рекламу",31.4,FACT-M,https://www.sec.gov/cgi-bin/browse-edgar?action=getcompany&company=NexMetro&type=D&dateb=&owner=include&count=100,Поле federalExemptionsExclusions в primary_doc.xml. 506(b) ЗАПРЕЩАЕТ general solicitation.
NexMetro,"Сумма продано по формам D, $млн",470,FACT-M,https://www.sec.gov/cgi-bin/browse-edgar?action=getcompany&company=NexMetro&type=D&dateb=&owner=include&count=100,Сумма totalAmountSold по разобранным формам с 2019 г. Не равна AUM.
NexMetro,"Медианный минимальный чек по формам D, $",10000,FACT-M,https://www.sec.gov/cgi-bin/browse-edgar?action=getcompany&company=NexMetro&type=D&dateb=&owner=include&count=100,Медиана minimumInvestmentAccepted по ненулевым значениям.
NexMetro,Инвесторов по формам D (сумма totalNumberAlreadyInvested),835,FACT-M,https://www.sec.gov/cgi-bin/browse-edgar?action=getcompany&company=NexMetro&type=D&dateb=&owner=include&count=100,Учитывает только инвесторов в этих конкретных предложениях; офшорные инвесторы могут не попадать.
GTIS Partners,Число отдельных Reg D-эмитентов (после очистки от однофамильцев),41,FACT-M,https://www.sec.gov/cgi-bin/browse-edgar?action=getcompany&company=GTIS+Partners&type=D&dateb=&owner=include&count=100,"SEC EDGAR, выгрузка 05.10.2026. Имена эмитентов отфильтрованы по включающему/исключающему паттерну."
GTIS Partners,Подано форм D (всего),88,FACT-M,https://www.sec.gov/cgi-bin/browse-edgar?action=getcompany&company=GTIS+Partners&type=D&dateb=&owner=include&count=100,
GTIS Partners,Подано форм D с 01.01.2024 (текущая активность),7,FACT-M,https://www.sec.gov/cgi-bin/browse-edgar?action=getcompany&company=GTIS+Partners&type=D&dateb=&owner=include&count=100,
GTIS Partners,"Доля предложений 506(c), % — право на публичную рекламу",15.0,FACT-M,https://www.sec.gov/cgi-bin/browse-edgar?action=getcompany&company=GTIS+Partners&type=D&dateb=&owner=include&count=100,Поле federalExemptionsExclusions в primary_doc.xml. 506(b) ЗАПРЕЩАЕТ general solicitation.
GTIS Partners,"Сумма продано по формам D, $млн",3634,FACT-M,https://www.sec.gov/cgi-bin/browse-edgar?action=getcompany&company=GTIS+Partners&type=D&dateb=&owner=include&count=100,Сумма totalAmountSold по разобранным формам с 2019 г. Не равна AUM.
GTIS Partners,"Медианный минимальный чек по формам D, $",100000,FACT-M,https://www.sec.gov/cgi-bin/browse-edgar?action=getcompany&company=GTIS+Partners&type=D&dateb=&owner=include&count=100,Медиана minimumInvestmentAccepted по ненулевым значениям.
GTIS Partners,Инвесторов по формам D (сумма totalNumberAlreadyInvested),4000,FACT-M,https://www.sec.gov/cgi-bin/browse-edgar?action=getcompany&company=GTIS+Partners&type=D&dateb=&owner=include&count=100,Учитывает только инвесторов в этих конкретных предложениях; офшорные инвесторы могут не попадать.
Cardone Capital [бенчмарк],Число отдельных Reg D-эмитентов (после очистки от однофамильцев),23,FACT-M,https://www.sec.gov/cgi-bin/browse-edgar?action=getcompany&company=Cardone+Capital&type=D&dateb=&owner=include&count=100,"SEC EDGAR, выгрузка 05.10.2026. Имена эмитентов отфильтрованы по включающему/исключающему паттерну."
Cardone Capital [бенчмарк],Подано форм D (всего),28,FACT-M,https://www.sec.gov/cgi-bin/browse-edgar?action=getcompany&company=Cardone+Capital&type=D&dateb=&owner=include&count=100,
Cardone Capital [бенчмарк],Подано форм D с 01.01.2024 (текущая активность),7,FACT-M,https://www.sec.gov/cgi-bin/browse-edgar?action=getcompany&company=Cardone+Capital&type=D&dateb=&owner=include&count=100,
Cardone Capital [бенчмарк],"Доля предложений 506(c), % — право на публичную рекламу",100.0,FACT-M,https://www.sec.gov/cgi-bin/browse-edgar?action=getcompany&company=Cardone+Capital&type=D&dateb=&owner=include&count=100,Поле federalExemptionsExclusions в primary_doc.xml. 506(b) ЗАПРЕЩАЕТ general solicitation.
Cardone Capital [бенчмарк],"Сумма продано по формам D, $млн",831,FACT-M,https://www.sec.gov/cgi-bin/browse-edgar?action=getcompany&company=Cardone+Capital&type=D&dateb=&owner=include&count=100,Сумма totalAmountSold по разобранным формам с 2019 г. Не равна AUM.
Cardone Capital [бенчмарк],"Медианный минимальный чек по формам D, $",100000,FACT-M,https://www.sec.gov/cgi-bin/browse-edgar?action=getcompany&company=Cardone+Capital&type=D&dateb=&owner=include&count=100,Медиана minimumInvestmentAccepted по ненулевым значениям.
Cardone Capital [бенчмарк],Инвесторов по формам D (сумма totalNumberAlreadyInvested),4526,FACT-M,https://www.sec.gov/cgi-bin/browse-edgar?action=getcompany&company=Cardone+Capital&type=D&dateb=&owner=include&count=100,Учитывает только инвесторов в этих конкретных предложениях; офшорные инвесторы могут не попадать.
RealtyMogul [бенчмарк],Число отдельных Reg D-эмитентов (после очистки от однофамильцев),131,FACT-M,https://www.sec.gov/cgi-bin/browse-edgar?action=getcompany&company=RealtyMogul&type=D&dateb=&owner=include&count=100,"SEC EDGAR, выгрузка 05.10.2026. Имена эмитентов отфильтрованы по включающему/исключающему паттерну."
RealtyMogul [бенчмарк],Подано форм D (всего),212,FACT-M,https://www.sec.gov/cgi-bin/browse-edgar?action=getcompany&company=RealtyMogul&type=D&dateb=&owner=include&count=100,
RealtyMogul [бенчмарк],Подано форм D с 01.01.2024 (текущая активность),0,FACT-M,https://www.sec.gov/cgi-bin/browse-edgar?action=getcompany&company=RealtyMogul&type=D&dateb=&owner=include&count=100,
EquityMultiple [бенчмарк],Число отдельных Reg D-эмитентов (после очистки от однофамильцев),100,FACT-M,https://www.sec.gov/cgi-bin/browse-edgar?action=getcompany&company=EquityMultiple&type=D&dateb=&owner=include&count=100,"SEC EDGAR, выгрузка 05.10.2026. Имена эмитентов отфильтрованы по включающему/исключающему паттерну."
EquityMultiple [бенчмарк],Подано форм D (всего),102,FACT-M,https://www.sec.gov/cgi-bin/browse-edgar?action=getcompany&company=EquityMultiple&type=D&dateb=&owner=include&count=100,
EquityMultiple [бенчмарк],Подано форм D с 01.01.2024 (текущая активность),0,FACT-M,https://www.sec.gov/cgi-bin/browse-edgar?action=getcompany&company=EquityMultiple&type=D&dateb=&owner=include&count=100,
Fundrise [бенчмарк],Число отдельных Reg D-эмитентов (после очистки от однофамильцев),42,FACT-M,https://www.sec.gov/cgi-bin/browse-edgar?action=getcompany&company=Fundrise&type=D&dateb=&owner=include&count=100,"SEC EDGAR, выгрузка 05.10.2026. Имена эмитентов отфильтрованы по включающему/исключающему паттерну."
Fundrise [бенчмарк],Подано форм D (всего),118,FACT-M,https://www.sec.gov/cgi-bin/browse-edgar?action=getcompany&company=Fundrise&type=D&dateb=&owner=include&count=100,
Fundrise [бенчмарк],Подано форм D с 01.01.2024 (текущая активность),13,FACT-M,https://www.sec.gov/cgi-bin/browse-edgar?action=getcompany&company=Fundrise&type=D&dateb=&owner=include&count=100,
Hines,Число отдельных Reg D-эмитентов (после очистки от однофамильцев),33,FACT-M,https://www.sec.gov/cgi-bin/browse-edgar?action=getcompany&company=Hines&type=D&dateb=&owner=include&count=100,"SEC EDGAR, выгрузка 05.10.2026. Имена эмитентов отфильтрованы по включающему/исключающему паттерну."
Hines,Подано форм D (всего),228,FACT-M,https://www.sec.gov/cgi-bin/browse-edgar?action=getcompany&company=Hines&type=D&dateb=&owner=include&count=100,
Hines,Подано форм D с 01.01.2024 (текущая активность),61,FACT-M,https://www.sec.gov/cgi-bin/browse-edgar?action=getcompany&company=Hines&type=D&dateb=&owner=include&count=100,
Belpointe OZ,Число отдельных Reg D-эмитентов (после очистки от однофамильцев),7,FACT-M,https://www.sec.gov/cgi-bin/browse-edgar?action=getcompany&company=Belpointe+OZ&type=D&dateb=&owner=include&count=100,"SEC EDGAR, выгрузка 05.10.2026. Имена эмитентов отфильтрованы по включающему/исключающему паттерну."
Belpointe OZ,Подано форм D (всего),30,FACT-M,https://www.sec.gov/cgi-bin/browse-edgar?action=getcompany&company=Belpointe+OZ&type=D&dateb=&owner=include&count=100,
Belpointe OZ,Подано форм D с 01.01.2024 (текущая активность),4,FACT-M,https://www.sec.gov/cgi-bin/browse-edgar?action=getcompany&company=Belpointe+OZ&type=D&dateb=&owner=include&count=100,
BTI Partners,Число отдельных Reg D-эмитентов (после очистки от однофамильцев),1,FACT-M,https://www.sec.gov/cgi-bin/browse-edgar?action=getcompany&company=BTI+Partners&type=D&dateb=&owner=include&count=100,"SEC EDGAR, выгрузка 05.10.2026. Имена эмитентов отфильтрованы по включающему/исключающему паттерну."
BTI Partners,Подано форм D (всего),1,FACT-M,https://www.sec.gov/cgi-bin/browse-edgar?action=getcompany&company=BTI+Partners&type=D&dateb=&owner=include&count=100,
BTI Partners,Подано форм D с 01.01.2024 (текущая активность),0,FACT-M,https://www.sec.gov/cgi-bin/browse-edgar?action=getcompany&company=BTI+Partners&type=D&dateb=&owner=include&count=100,
13th Floor Investments,Число отдельных Reg D-эмитентов (после очистки от однофамильцев),1,FACT-M,https://www.sec.gov/cgi-bin/browse-edgar?action=getcompany&company=13th+Floor+Investments&type=D&dateb=&owner=include&count=100,"SEC EDGAR, выгрузка 05.10.2026. Имена эмитентов отфильтрованы по включающему/исключающему паттерну."
13th Floor Investments,Подано форм D (всего),1,FACT-M,https://www.sec.gov/cgi-bin/browse-edgar?action=getcompany&company=13th+Floor+Investments&type=D&dateb=&owner=include&count=100,
13th Floor Investments,Подано форм D с 01.01.2024 (текущая активность),0,FACT-M,https://www.sec.gov/cgi-bin/browse-edgar?action=getcompany&company=13th+Floor+Investments&type=D&dateb=&owner=include&count=100,
Allied Development,Число отдельных Reg D-эмитентов (после очистки от однофамильцев),2,FACT-M,https://www.sec.gov/cgi-bin/browse-edgar?action=getcompany&company=Allied+Development&type=D&dateb=&owner=include&count=100,"SEC EDGAR, выгрузка 05.10.2026. Имена эмитентов отфильтрованы по включающему/исключающему паттерну."
Allied Development,Подано форм D (всего),4,FACT-M,https://www.sec.gov/cgi-bin/browse-edgar?action=getcompany&company=Allied+Development&type=D&dateb=&owner=include&count=100,
Allied Development,Подано форм D с 01.01.2024 (текущая активность),0,FACT-M,https://www.sec.gov/cgi-bin/browse-edgar?action=getcompany&company=Allied+Development&type=D&dateb=&owner=include&count=100,
Walton Global,Акров под управлением,80500,FACT-D,https://walton.com/our-global-approach/,Раскрыто компанией или в отчётности/пресс-релизе.
Walton Global,Master-planned communities,198,FACT-D,https://walton.com/our-global-approach/,Раскрыто компанией или в отчётности/пресс-релизе.
Walton Global,Региональных рынков,34,FACT-D,https://walton.com/our-global-approach/,Раскрыто компанией или в отчётности/пресс-релизе.
Walton Global,"Land under management, $млн",4640,FACT-D,https://walton.com/,Раскрыто компанией или в отчётности/пресс-релизе.
Walton Global,"Распределено инвесторам, $млн",3140,FACT-D,https://walton.com/,Раскрыто компанией или в отчётности/пресс-релизе.
Walton Global,Инвесторов,89000,FACT-D,https://walton.com/,Раскрыто компанией или в отчётности/пресс-релизе.
Walton Global,Стран,91,FACT-D,https://walton.com/,Раскрыто компанией или в отчётности/пресс-релизе.
Walton Global,Одобренных каналов дистрибуции,300,FACT-D,https://walton.com/our-global-approach/,Раскрыто компанией или в отчётности/пресс-релизе.
Walton Global,"Новый фонд American Builder Growth & Income, целевой размер $млн",500,FACT-D,https://www.businesswire.com/news/home/20260212613090/en/Walton-Global-Launches-the-American-Builder-Growth-and-Income-Fund,Раскрыто компанией или в отчётности/пресс-релизе.
Millrose Properties,Homesites,143771,FACT-D,https://www.fool.com/earnings/call-transcripts/2026/08/11/millrose-properties-mrp-q2-2026-earnings-call-transcript/,Раскрыто компанией или в отчётности/пресс-релизе.
Millrose Properties,Комьюнити,877,FACT-D,https://www.fool.com/earnings/call-transcripts/2026/08/11/millrose-properties-mrp-q2-2026-earnings-call-transcript/,Раскрыто компанией или в отчётности/пресс-релизе.
Millrose Properties,Штатов,30,FACT-D,https://www.fool.com/earnings/call-transcripts/2026/08/11/millrose-properties-mrp-q2-2026-earnings-call-transcript/,Раскрыто компанией или в отчётности/пресс-релизе.
Millrose Properties,"Совокупные активы, $млн",9700,FACT-D,https://www.gurufocus.com/news/9001874/millrose-properties-reports-second-quarter-2026-financial-results,Раскрыто компанией или в отчётности/пресс-релизе.
Millrose Properties,"Ожидаемые takedown-поступления, $млн",16300,FACT-D,https://www.fool.com/earnings/call-transcripts/2026/08/11/millrose-properties-mrp-q2-2026-earnings-call-transcript/,Раскрыто компанией или в отчётности/пресс-релизе.
Domain Real Estate Partners,Профинансировано проектов,720,FACT-D,https://www.pgim.com/us/en/borrower/about/newsroom/press-releases/pgim-and-domain-real-estate-partners-surpass-4-billion-in-u-s--land-banking-transactions,Раскрыто компанией или в отчётности/пресс-релизе.
Domain Real Estate Partners,"Совокупная стоимость проектов, $млн",16000,FACT-D,https://www.pgim.com/us/en/borrower/about/newsroom/press-releases/pgim-and-domain-real-estate-partners-surpass-4-billion-in-u-s--land-banking-transactions,Раскрыто компанией или в отчётности/пресс-релизе.
Domain Real Estate Partners,"Развёрнуто в портфеле, $млн",6000,FACT-D,https://alternativecreditinvestor.com/2026/05/26/pgim-and-domain-hit-4bn-in-us-land-banking-deals/,Раскрыто компанией или в отчётности/пресс-релизе.
Howard Hughes Holdings,Акров,118000,FACT-D,https://investor.howardhughes.com/news-releases/news-release-details/howard-hughes-communitiestm-celebrates-grand-opening-teravalistm,Раскрыто компанией или в отчётности/пресс-релизе.
The St. Joe Company,Акров во Флориде,165000,FACT-D,https://en.wikipedia.org/wiki/St._Joe_Company,Раскрыто компанией или в отчётности/пресс-релизе.
The St. Joe Company,"Выручка неконсолидированных JV, Q1 2026, $млн",56.1,FACT-D,https://ir.joe.com/news-releases/news-release-details/st-joe-company-reports-first-quarter-2026-results-and-declares,Раскрыто компанией или в отчётности/пресс-релизе.
Tejon Ranch Co,Акров,270000,FACT-D,https://umbrex.com/resources/company-profiles/tejon-ranch-company/,Раскрыто компанией или в отчётности/пресс-релизе.
Forestar Group,Лотов (владение + контроль),91700,FACT-D,https://www.businesswire.com/news/home/20260721189655/en/Forestar-Reports-Fiscal-2026-Third-Quarter-Results,Раскрыто компанией или в отчётности/пресс-релизе.
Forestar Group,Рынков,65,FACT-D,https://www.businesswire.com/news/home/20260721189655/en/Forestar-Reports-Fiscal-2026-Third-Quarter-Results,Раскрыто компанией или в отчётности/пресс-релизе.
Five Point Holdings,Homesites Valencia,21500,FACT-D,https://ir.fivepoint.com/news-releases/2026/01-29-2026-211033188,Раскрыто компанией или в отчётности/пресс-релизе.
Five Point Holdings,Great Park: акров,2100,FACT-D,https://therealdeal.com/la/2026/07/29/five-point-sells-irvine-land-to-erickson-for-159-million/,Раскрыто компанией или в отчётности/пресс-релизе.
DLP Capital,"AUM, $млн",5500,FACT-D,https://dlpcapital.com/about,Раскрыто компанией или в отчётности/пресс-релизе.
DLP Capital,Аккредитованных инвесторов,4000,FACT-D,https://dlpcapital.com/about,Раскрыто компанией или в отчётности/пресс-релизе.
DLP Capital,Юнитов в портфеле,26000,FACT-D,https://dlpcapital.com/about,Раскрыто компанией или в отчётности/пресс-релизе.
Caliber,"AUM + AUD, $млн",2900,FACT-D,https://www.caliberco.com/,Раскрыто компанией или в отчётности/пресс-релизе.
Caliber,"Привлечённый капитал, $млн",667,FACT-D,https://www.caliberco.com/,Раскрыто компанией или в отчётности/пресс-релизе.
MLG Capital,"Совокупная рыночная стоимость, $млн",8800,FACT-D,https://mlgcapital.com/,Раскрыто компанией или в отчётности/пресс-релизе.
MLG Capital,Юнитов,33145,FACT-D,https://mlgcapital.com/news/seven-recent-acquisitions-grow-mlgs-footprint-to-more-than-22300-units-nationwide/,Раскрыто компанией или в отчётности/пресс-релизе.
BTI Partners,Акров приобретено/контролируется,12000,FACT-D,https://database.thesisdriven.com/developers/bti-partners,Раскрыто компанией или в отчётности/пресс-релизе.
BTI Partners,"Объём сделок за историю, $млн",3600,FACT-D,https://database.thesisdriven.com/developers/bti-partners,Раскрыто компанией или в отчётности/пресс-релизе.
BTI Partners,"Покупка в Джексонвилле, апрель 2026, акров",2091,FACT-D,https://www.jaxdailyrecord.com/news/2026/apr/24/fort-lauderdale-developer-purchases-nearly-2100-acres-in-west-jacksonville-for-master-planned-community/,Раскрыто компанией или в отчётности/пресс-релизе.
13th Floor Investments,"Недвижимости под управлением, $млн",5000,FACT-D,https://13fi.com/about,Раскрыто компанией или в отчётности/пресс-релизе.
13th Floor Investments,Сделок за историю,70,FACT-D,https://13fi.com/about,Раскрыто компанией или в отчётности/пресс-релизе.
GSP REI,Завершённых land-проектов,29,FACT-D,https://gsprei.com/track-record/,Раскрыто компанией или в отчётности/пресс-релизе.
GSP REI,"Минимальный чек фонда, $",100000,FACT-D,https://gsprei.com/land-entitlement-offerings/,Раскрыто компанией или в отчётности/пресс-релизе.
Allied Development,Завершённых entitlement-проектов,30,FACT-D,https://alliedlandfund.com/,Раскрыто компанией или в отчётности/пресс-релизе.
Allied Development,"Минимальный чек, $",100000,FACT-D,https://alliedlandfund.com/,Раскрыто компанией или в отчётности/пресс-релизе.
Urban Catalyst,"Fund I: привлечено, $млн",131,FACT-D,https://www.prnewswire.com/news-releases/urban-catalyst-opportunity-zone-fund-raises-131m-in-first-fund-continues-strong-growth-in-2021-301208179.html,Раскрыто компанией или в отчётности/пресс-релизе.
Urban Catalyst,Fund I: инвесторов,356,FACT-D,https://www.prnewswire.com/news-releases/urban-catalyst-opportunity-zone-fund-raises-131m-in-first-fund-continues-strong-growth-in-2021-301208179.html,Раскрыто компанией или в отчётности/пресс-релизе.
Bedrock Land Finance,"Целевой объём финансирования, $млн",5000,FACT-D,https://www.businesswire.com/news/home/20260519206916/en/Bedrock-Named-Exclusive-Land-Banking-Partner-for-Guggenheim-Investments,Раскрыто компанией или в отчётности/пресс-релизе.
Crow Holdings,"AUM, $млн",33000,FACT-D,https://www.crowholdings.com/,Раскрыто компанией или в отчётности/пресс-релизе.
DLP Capital,YouTube: подписчиков,878,FACT-M,https://www.youtube.com/,Снято 05.10.2026.
DLP Capital,YouTube: видео,99,FACT-M,https://www.youtube.com/,Снято 05.10.2026.
AcreTrader,YouTube: подписчиков,1210,FACT-M,https://www.youtube.com/,Снято 05.10.2026.
AcreTrader,YouTube: видео,152,FACT-M,https://www.youtube.com/,Снято 05.10.2026.
MLG Capital,YouTube: подписчиков,193,FACT-M,https://www.youtube.com/,Снято 05.10.2026.
MLG Capital,YouTube: видео,15,FACT-M,https://www.youtube.com/,Снято 05.10.2026.
Urban Catalyst,YouTube: подписчиков,67,FACT-M,https://www.youtube.com/,Снято 05.10.2026.
Urban Catalyst,YouTube: видео,16,FACT-M,https://www.youtube.com/,Снято 05.10.2026.
Tejon Ranch Co,YouTube: подписчиков,5,FACT-M,https://www.youtube.com/,Снято 05.10.2026.
Tejon Ranch Co,YouTube: видео,1,FACT-M,https://www.youtube.com/,Снято 05.10.2026.
The St. Joe Company,YouTube: подписчиков,1110,FACT-M,https://www.youtube.com/,Снято 05.10.2026.
The St. Joe Company,YouTube: видео,228,FACT-M,https://www.youtube.com/,Снято 05.10.2026.
BTI Partners,YouTube: подписчиков,113,FACT-M,https://www.youtube.com/,Снято 05.10.2026.
BTI Partners,YouTube: видео,19,FACT-M,https://www.youtube.com/,Снято 05.10.2026.
Allied Development,YouTube: подписчиков,54,FACT-M,https://www.youtube.com/,Снято 05.10.2026.
Allied Development,YouTube: видео,76,FACT-M,https://www.youtube.com/,Снято 05.10.2026.
Cardone Capital [бенчмарк],YouTube: подписчиков,3140000,FACT-M,https://www.youtube.com/,Снято 05.10.2026.
Cardone Capital [бенчмарк],YouTube: видео,6800,FACT-M,https://www.youtube.com/,Снято 05.10.2026.
Origin Investments [бенчмарк],YouTube: подписчиков,1590,FACT-M,https://www.youtube.com/,Снято 05.10.2026.
Origin Investments [бенчмарк],YouTube: видео,192,FACT-M,https://www.youtube.com/,Снято 05.10.2026.
RealtyMogul [бенчмарк],YouTube: подписчиков,987,FACT-M,https://www.youtube.com/,Снято 05.10.2026.
RealtyMogul [бенчмарк],YouTube: видео,19,FACT-M,https://www.youtube.com/,Снято 05.10.2026.
EquityMultiple [бенчмарк],YouTube: подписчиков,558,FACT-M,https://www.youtube.com/,Снято 05.10.2026.
EquityMultiple [бенчмарк],YouTube: видео,324,FACT-M,https://www.youtube.com/,Снято 05.10.2026.
Harvest Returns [бенчмарк],YouTube: подписчиков,648,FACT-M,https://www.youtube.com/,Снято 05.10.2026.
Harvest Returns [бенчмарк],YouTube: видео,60,FACT-M,https://www.youtube.com/,Снято 05.10.2026.
New Western [бенчмарк],YouTube: подписчиков,402,FACT-M,https://www.youtube.com/,Снято 05.10.2026.
New Western [бенчмарк],YouTube: видео,25,FACT-M,https://www.youtube.com/,Снято 05.10.2026.
CrowdStreet [бенчмарк],YouTube: подписчиков,14,FACT-M,https://www.youtube.com/,Снято 05.10.2026.
Бенчмарк,"Meta CPL, аккредитованный инвестор (синдикация), $",50-100,FACT-D,https://gowercrowd.com/real-estate-syndication/how-to-generate-investor-leads,Опубликованный отраслевой бенчмарк — основа модельных оценок бюджета.
Бенчмарк,"LinkedIn CPL, синдикация, $",250-500,FACT-D,https://gowercrowd.com/real-estate-syndication/how-to-generate-investor-leads,Опубликованный отраслевой бенчмарк — основа модельных оценок бюджета.
Бенчмарк,"LinkedIn CPL, financial services, $",90-180,FACT-D,https://postiv.ai/blog/linkedin-advertising-costs,Опубликованный отраслевой бенчмарк — основа модельных оценок бюджета.
Бенчмарк,"Google Ads CPL, средний 2026, $",79.14,FACT-D,https://foundrycro.com/blog/cost-per-lead-benchmarks-by-industry-2026/,Опубликованный отраслевой бенчмарк — основа модельных оценок бюджета.
Бенчмарк,"Meta CPL, средний 2026, $",26.43,FACT-D,https://foundrycro.com/blog/cost-per-lead-benchmarks-by-industry-2026/,Опубликованный отраслевой бенчмарк — основа модельных оценок бюджета.
Бенчмарк,"Подкаст-спонсорство CPL, $",60-200,FACT-D,https://atomicfunnels.com/funnel-real-estate-syndication/,Опубликованный отраслевой бенчмарк — основа модельных оценок бюджета.
Бенчмарк,"Стоимость одного профинансировавшего инвестора, $",3500-4500,FACT-D,https://gowercrowd.com/real-estate-syndication/how-to-generate-investor-leads,Опубликованный отраслевой бенчмарк — основа модельных оценок бюджета.
Бенчмарк,"Конверсия Meta-лида в инвестора за 90 дней, %",2,FACT-D,https://gowercrowd.com/real-estate-syndication/how-to-generate-investor-leads,Опубликованный отраслевой бенчмарк — основа модельных оценок бюджета.
Бенчмарк,Rule 506(c): публичная реклама разрешена при верификации аккредитации,да,FACT-D,https://www.sec.gov/resources-small-businesses/exempt-offerings/general-solicitation-rule-506c,Опубликованный отраслевой бенчмарк — основа модельных оценок бюджета.
Бенчмарк,Rule 506(b): general solicitation запрещён,да,FACT-D,https://www.sec.gov/resources-small-businesses/exempt-offerings/general-solicitation-rule-506c,Опубликованный отраслевой бенчмарк — основа модельных оценок бюджета.
