Компания,URL,Заголовок страницы,CTA (призывы),Поля формы (что спрашивают у лида),Спрашивают аккредитацию,Платные каналы по пикселям,"Платных каналов, шт",CRM / автоматизация,UX-аналитика,Трекеров всего
Caliber,https://www.caliberco.com/,,SEC Accredited Investor definition | LEARN MORE | Public Investors (CWD) | Opportunity Zone Investing | OFFERINGS & ASSETS | Investor Resources | Invest in Arizona | Invest in Colorado,"firstname, lastname, email, phone, is_accredited, is_financial_professional, g-recaptcha-response, hs_context, s",ДА,"Meta Pixel, LinkedIn Insight, TikTok Pixel, X Pixel, Google Ads remarketing",5,HubSpot,—,7
Fundrise,https://fundrise.com/,Invest in a better alternative,Enable accessibility for low vision | Open the accessibility menu | Get started | Learn more | Explore our real estate portfolio | Explore our private credit portfolio | Learn more about VCX | Invest in your retirement,email,нет,"Meta Pixel, LinkedIn Insight, X Pixel, Microsoft/Bing UET, Google Ads remarketing",5,—,—,6
MLG Capital,https://mlgcapital.com/invest/,Error 404,Investing | Investment Advisors | Joint Venture Partnership | Our Portfolio | Investor Portal | GET STARTED | Ways to Invest With MLG | Get Started,"s, ak_hp_textarea, ak_js, input_31, input_3, input_25, input_26, input_27, input_28, input_29, gform_ajax, gform_submission_method",нет,"Meta Pixel, LinkedIn Insight, Microsoft/Bing UET, Google Ads remarketing",4,"HubSpot, Pardot","Hotjar, MS Clarity",9
DLP Capital,https://dlpcapital.com/invest,Housing for America’s families & financial legacies for yours.,Invest | DLP Lending Fund Series B Note Offering | DLP Preferred Credit Fund Series A Note Offering | Investor Login | Webinars | Get Started | Learn More | Browse Webinars,"firstname, lastname, last_form_phone_number, email, what_s_your_interest_in_dlp_capital, are_you_a_credited_investor_, interest, message, ip_address, hs_context, company, gated_content",ДА,"Meta Pixel, LinkedIn Insight, Microsoft/Bing UET, Google Ads remarketing",4,HubSpot,Hotjar,7
DLP вебинары,https://dlpcapital.com/twenty/webinars,Webinars,Invest | DLP Lending Fund Series B Note Offering | DLP Preferred Credit Fund Series A Note Offering | Investor Login | Webinars | Get Started | Learn More | Browse Webinars,"twenty-category, email, hs_context, firstname, lastname, what_s_your_interest_in_dlp_capital, are_you_a_credited_investor_, company, last_form_phone_number, gated_content, ip_address, investor_record",ДА,"Meta Pixel, LinkedIn Insight, Microsoft/Bing UET, Google Ads remarketing",4,HubSpot,Hotjar,7
Origin Investments,https://origininvestments.com/,"Origin’s strategies are organized around three investor priorities: generating income, driving long-term growth, and managing the impact of taxes.",Get Started | Investments | All Investments | Investment Strategy | Investing Fundamentals | Investing Education | Investing with Origin | Fund Webinars,"checkbox, s",нет,"Meta Pixel, LinkedIn Insight, Microsoft/Bing UET, Google Ads remarketing",4,Marketo,MS Clarity,7
Cardone Capital,https://cardonecapital.com/,Best in Class Real Estate Made Available to Everyday Investors,Investments | Invest Now | Get Started | Real Estate Portfolio → | Explore Real Estate Portfolio → | Learn More | Facebook | Free Books,g-recaptcha-response,нет,"Meta Pixel, TikTok Pixel, X Pixel, Google Ads remarketing",4,HubSpot,—,6
AcreTrader,https://acretrader.com/,Farmland Investing. Simplified.,Invest | Sign Up | Get Started | Learn More,"enter your email address, email address",нет,"Meta Pixel, Google Ads remarketing",2,HubSpot,—,4
Allied Development,https://alliedlandfund.com/,A REAL ESTATE FUND DESIGNED TO PAY INVESTORS FIRST,GET INVESTOR INFORMATION,range,нет,"Meta Pixel, Google Ads remarketing",2,—,—,3
Walton Global,https://walton.com/contact-capital-markets/,WALTON INVESTMENT PORTAL,INVESTMENTS | Investments | Investments Overview | Pre-Development Land Investment | DST / 1031 Growth Investments,"s, et_pb_searchform_submit, et_pb_include_posts, et_pb_include_pages, input_2.3, input_2.6, input_3, input_22, input_25, input_13, input_24, g-recaptcha-response",нет,НЕТ — платных каналов не ведёт,0,HubSpot,Hotjar,3
FarmTogether,https://farmtogether.com/,Customize your cookie preferences,Considering a 1031 Exchange? Learn More | INVEST | SIGN UP | GET STARTED | LIVE OFFERINGS | SEE OUR PORTFOLIO | LEARN MORE | DOWNLOAD WHITE PAPER,checkbox,нет,НЕТ — платных каналов не ведёт,0,—,—,1
GSP REI,https://gsprei.com/land-entitlement-fund/,THE EDGE THAT SETS US APART,Investment Approach | Invest With Us | Investor Login | Join the Waitlist | Land Offering | Income Fund Offering | Invest Now | Schedule a Call with Management,enter your email,нет,НЕТ — платных каналов не ведёт,0,—,—,1
