Метрополия,Компаний,Сумма объявлений Google,Компании
"Финикс / Скоттсдейл, AZ",2,24,"Walton Global, Caliber (NASDAQ: CWD)"
"Майами, FL",2,0,"Millrose Properties (NYSE: MRP), 13th Floor Investments"
"Даллас, TX",2,0,"Crow Holdings, Bedrock Land Finance (TWG Global)"
"Даллас–Форт-Уэрт, TX",1,60,Forestar Group (NYSE: FOR)
"Сан-Франциско, CA",1,24,FarmTogether
"Милуоки, WI",1,22,MLG Capital
"Джэксонвилл, FL",1,16,DLP Capital
не раскрыто,1,5,Allied Development
Арканзас,1,3,AcreTrader
"Сан-Хосе, CA",1,2,Urban Catalyst
"Хьюстон, TX",1,0,Howard Hughes Holdings (NYSE: HHH)
Панхандл Флориды,1,0,The St. Joe Company (NYSE: JOE)
"Филадельфия, PA",1,0,GSP REI
"Чикаго, IL",1,0,Domain Real Estate Partners
"Майами / Форт-Лодердейл, FL",1,0,BTI Partners
"Лос-Анджелес, CA",1,0,Tejon Ranch Co (NYSE: TRC)
"Ориндж-Каунти, CA",1,0,Five Point Holdings (NYSE: FPH)
