rank,name,dist_model,annual_raise_usd_m_EST,acq_cost_rate_lo_pct,acq_cost_rate_hi_pct,acq_budget_usd_m_lo_EST,acq_budget_usd_m_hi_EST,acq_budget_usd_m_mid_EST,paid_media_usd_m_mid_EST,google_ads_MEASURED,pct_506c_MEASURED,investors_MEASURED,basis
1,Walton Global,Дистрибьюторская сеть (BD/RIA/агенты),400,5.0,8.0,20.0,32.0,26.0,0.26,0,0.0,89000,"$3,14 млрд распределено за историю; 89 000 инвесторов; 300+ каналов; 0% 506(c)"
3,DLP Capital,Прямая цифровая воронка 506(c),500,1.5,3.0,7.5,15.0,11.25,4.725,16,73.8,11550,"$4,21 млрд продано по формам D; 11 550 инвесторов; 74% 506(c); 16 объявлений"
12,Domain Real Estate Partners,Институциональные LP / placement agents,1500,0.3,1.0,4.5,15.0,9.75,0.195,0,,,$6 млрд развёрнуто; партнёрство с PGIM; 0 объявлений
5,MLG Capital,Прямая цифровая воронка 506(c),250,1.5,3.0,3.75,7.5,5.62,2.362,22,82.4,4879,Fund VI таргет $400 млн; 22 объявления; дистрибуция через advisors
13,Crow Holdings,Институциональные LP / placement agents,800,0.3,1.0,2.4,8.0,5.2,0.104,0,0.0,2350,44 Reg D-эмитента; AUM ~$33 млрд; институциональные LP
20,Bedrock Land Finance (TWG Global),Институциональные LP / placement agents,800,0.3,1.0,2.4,8.0,5.2,0.104,0,,,Цель $5 млрд; эксклюзивный партнёр Guggenheim
2,Millrose Properties (NYSE: MRP),"Публичный рынок (IR, не маркетинг)",1500,0.1,0.5,1.5,7.5,4.5,0.585,0,,,"Публичный REIT, активы $9,7 млрд; капитал с рынка, не из рекламы"
4,Caliber (NASDAQ: CWD),Прямая цифровая воронка 506(c),150,1.5,3.0,2.25,4.5,3.38,1.417,24,57.7,4547,"$1,32 млрд продано; 4 547 инвесторов; 58% 506(c); 24 объявления"
17,13th Floor Investments,Институциональные LP / placement agents,300,0.3,1.0,0.9,3.0,1.95,0.039,0,,,$5 млрд под управлением; 70+ сделок; JV с институционалами
8,Howard Hughes Holdings (NYSE: HHH),"Публичный рынок (IR, не маркетинг)",500,0.1,0.5,0.5,2.5,1.5,0.195,0,,,Публичная; потребительская реклама на уровне комьюнити
11,GSP REI,Прямая цифровая воронка 506(c),60,1.5,3.0,0.9,1.8,1.35,0.567,0,9.2,1647,"57 Reg D-эмитентов, 38 форм с 2024; минимум $100K; 0 объявлений"
14,BTI Partners,Институциональные LP / placement agents,200,0.3,1.0,0.6,2.0,1.3,0.026,0,,,"$3,6 млрд сделок; институциональные партнёры; 0 объявлений"
10,FarmTogether,Прямая цифровая воронка 506(c),50,1.5,3.0,0.75,1.5,1.12,0.472,24,93.3,5891,$260 млн продано; 5 891 инвестор; 93% 506(c); 24 объявления
6,AcreTrader,Прямая цифровая воронка 506(c),40,1.5,3.0,0.6,1.2,0.9,0.378,3,100.0,7035,"$186 млн продано; 7 035 инвесторов; 100% 506(c), но лишь 3 объявления"
7,Forestar Group (NYSE: FOR),"Публичный рынок (IR, не маркетинг)",300,0.1,0.5,0.3,1.5,0.9,0.117,60,,,"Публичная, контроль D.R. Horton; 60 объявлений — B2B/HR, не инвесторы"
18,Urban Catalyst,Прямая цифровая воронка 506(c),30,1.5,3.0,0.45,0.9,0.67,0.283,2,66.7,356,Fund I $131 млн / 356 инвесторов; 67% 506(c); 2 объявления
9,The St. Joe Company (NYSE: JOE),"Публичный рынок (IR, не маркетинг)",200,0.1,0.5,0.2,1.0,0.6,0.078,0,,,Публичная; JV с операторами
16,Allied Development,Прямая цифровая воронка 506(c),25,1.5,3.0,0.38,0.75,0.56,0.236,5,,,30+ entitlement-проектов; воронка Book a Clarity Call; 5 объявлений
19,Five Point Holdings (NYSE: FPH),"Публичный рынок (IR, не маркетинг)",150,0.1,0.5,0.15,0.75,0.45,0.059,0,,,Публичная; JV с домостроителями; Hearthstone
15,Tejon Ranch Co (NYSE: TRC),"Публичный рынок (IR, не маркетинг)",50,0.1,0.5,0.05,0.25,0.15,0.019,0,,,Публичная; развитие через JV; 1 видео на YouTube
