Бренд;Назва SKU;Вага, г;Формат;EAN;Мереж;Мережі;Ціна мін, грн;Ціна медіана, грн;Ціна макс, грн;грн/100 г;URL
Samyang;Локшина Samyang Рамен зі смаком курки дуже гостра 140г;140,0;пакет;08801073113428;10;Ашан · ЧудоМаркет · Космос · Grono · Клас (Харків) · NOVUS · Onde · Таврія В · Восторг · Зараз;86,20;136,60;151,00;97,6;
Nongshim;Локшина Nongshim Kimchi Ramyun 120г;120,0;пакет;08801043157742;9;ЧудоМаркет · Космос · Grono · Клас (Харків) · METRO · NOVUS · Onde · Таврія В · Восторг;98,28;118,00;124,00;98,3;
Samyang;Локшина Samyang Рамен гостра з сиром 130г;130,0;пакет;08801073116474;9;ЧудоМаркет · Космос · Grono · Клас (Харків) · NOVUS · Onde · Таврія В · Торба · Восторг;99,90;139,00;151,00;106,9;
Nongshim;Локшина Nongshim Рамен зі спеціями 120г;120,0;пакет;08801043150620;7;Космос · Клас (Харків) · METRO · NOVUS · Onde · Таврія В · Восторг;98,28;117,00;129,00;97,5;
Samyang;Локшина Samyang Buldak Рамен з гострою тушкованою куркою 145г;145,0;пакет;08801073113381;7;Ашан · ЧудоМаркет · Космос · Grono · NOVUS · Onde · Таврія В;93,50;135,40;184,00;93,4;
Samyang;Лапша Samyang Рамен зі смаком курки гостра 140г;140,0;пакет;08801073110502;7;Ашан · Космос · Grono · Onde · Таврія В · Торба · Зараз;92,90;137,80;156,00;98,4;
Nongshim;Локшина Nongshim Toomba Spicy&Creamy Stir-Fry вершково-гостра 137г;137,0;пакет;08801043018470;7;Ашан · ЧудоМаркет · Grono · Клас (Харків) · NOVUS · Onde · Восторг;131,10;149,00;154,00;108,8;
Samyang;Локшина Рамен Samyang Buldak Hot Chicken 70г;70,0;пакет;08801073210776;6;Космос · Grono · Клас (Харків) · Onde · Таврія В · Восторг;33,90;102,05;149,00;145,8;
Nongshim;Локшина Nongshim Chapaghetti 140г;140,0;пакет;08801043157728;6;Ашан · Клас (Харків) · METRO · NOVUS · Onde · Восторг;89,00;120,00;136,00;85,7;
Ottogi;Локшина Ottogi Рамен середньогостра 120г;120,0;пакет;08801045999906;5;Ашан · Космос · Grono · Таврія В · Зараз;67,00;92,70;101,00;77,3;
Nongshim;Лапша Nongshim з морепродуктами середньогостра 120г;120,0;пакет;08801043157773;5;Ашан · Клас (Харків) · METRO · Onde · Восторг;84,90;113,60;125,00;94,7;
Ottogi;Локшина Ottogi Kimchi Ramen 120г;120,0;пакет;08801045521312;4;Ашан · Космос · Таврія В · Зараз;67,00;76,90;84,90;64,1;
Samyang;Локшина Рамен Samyang Buldak Hot Chicken сир 70г;70,0;пакет;08801073211254;4;Космос · Клас (Харків) · Таврія В · Восторг;137,00;143,45;149,90;204,9;
Paldo;Локшина Paldo Bibim Men швидкого приготування в корейському стилі 130г;130,0;пакет;00648436100057;3;ЧудоМаркет · Grono · NOVUS;72,00;99,90;124,00;76,8;
Samyang;Макаронні вироби Samyang Ramen локшина зі смаком курки з лаймом 135г;135,0;пакет;08801073115514;3;Ашан · Grono · Зараз;108,50;111,50;169,00;82,6;
Paldo;Локшина Paldo Volcano Carbonara куряча швидкого приготування 130г;130,0;пакет;00648436310685;3;Ашан · Grono · Onde;105,30;113,60;121,00;87,4;
Paldo;Локшина Paldo Volcano Chicken з куркою дуже гостра швидкого приготування 140г;140,0;пакет;00648436101276;3;Ашан · Grono · Onde;83,60;123,00;123,20;87,9;
Nongshim;Локшина Nong Shim з морепродуктами 125г;125,0;пакет;08801043157766;3;Клас (Харків) · Onde · Восторг;125,00;125,00;135,20;100,0;
Nongshim;Локшина Nongshim Kimchi Shin Ramyun Cup Noodle Soup 75г;75,0;стакан/боул;08801043028158;3;Grono · METRO · Onde;100,44;145,00;157,90;193,3;
Samyang;Локшина Samyang Tangle зі смаком вершкових грибів 105г;105,0;пакет;08801073116832;3;Клас (Харків) · Onde · Восторг;77,50;157,00;157,00;149,5;
Samyang;Локшина Samyang Tangle зі смаком часникової олії 105г;105,0;пакет;08801073116849;3;Клас (Харків) · Onde · Восторг;77,50;157,00;157,00;149,5;
O'Food;Макаронні вироби O'Food Кімчі Рамен локшина 144г;144,0;пакет;08801052114569;2;Ашан · Зараз;67,90;69,95;72,00;48,6;
Samyang;Локшина Samyang Ramen Кімчі 80г;80,0;пакет;08801073114029;2;Ашан · Onde;65,10;75,75;86,40;94,7;
O'Food;Макаронні вироби O'Food Кімчі Рамен 129г;129,0;пакет;08801052114385;2;Ашан · Зараз;74,50;77,00;79,50;59,7;
O'Food;Макаронні вироби O'Food Сівід Рамен 103г;103,0;пакет;08801052114545;2;Ашан · Зараз;74,50;77,00;79,50;74,8;
O'Food;Макаронні вироби O'Food Рамен смак моректродуктів 102г;102,0;пакет;08801052114552;2;Ашан · Зараз;74,50;79,50;84,50;77,9;
Samyang;Локшина Samyang Topokki Рамен 80г;80,0;пакет;08801073114036;2;Ашан · Onde;65,10;84,35;103,60;105,4;
Nongshim;Локшина Nongshim Soon Veggie Ramyun овочева 112г;112,0;пакет;08801043022705;2;Ашан · Onde;73,50;87,90;102,30;78,5;
Paldo;Локшина Paldo Hwa Ramyun з гострим перцем швидкого приготування 120г;120,0;пакет;00648436100422;2;Ашан · Grono;87,00;89,95;92,90;75,0;
Ottogi;Локшина OTTOGI Jin рамен гостра 120г;120,0;пакет;08801045999913;2;Космос · Таврія В;92,70;92,70;92,70;77,3;
Paldo;Локшина Paldo Spicy Zanmang Loopy з бобами гостра 110г;110,0;пакет;00648436310777;2;Ашан · Grono;75,90;94,45;113,00;85,9;
Paldo;Локшина Paldo Zanmang Loopy оригінальна 110г;110,0;пакет;00648436310746;2;Ашан · Grono;75,90;94,45;113,00;85,9;
Nongshim;Локшина Nongshim AnSungTangMyun з грибами та водоростями 125г;125,0;пакет;08801043157735;2;Ашан · Onde;73,50;97,95;122,40;78,4;
Samyang;Лапша рамен Samyang Chacharoni зі смаком чорних бобів 140г;140,0;пакет;00074603005922;2;Ашан · Зараз;90,50;102,80;115,10;73,4;
Nongshim;Локшина Nongshim Рамен з морепродуктами гостра 120г;120,0;пакет;08801043157711;2;Ашан · Onde;84,90;103,55;122,20;86,3;
Paldo;Локшина Paldo Stir fried з куркою 130г;130,0;пакет;00648436101351;2;Ашан · Grono;85,50;104,25;123,00;80,2;
Nongshim;Локшина Nongshim Shin Ramyun зі смаком гострої курки 120г;120,0;пакет;08801043069588;2;Ашан · Grono;89,00;110,50;132,00;92,1;
Samyang;Макаронні вироби Samyang Ramen 115г;115,0;пакет;08801073112278;2;Ашан · Зараз;111,50;111,50;111,50;97,0;
Samyang;Локшина Samyang Ramen з сиром 120г;120,0;пакет;08801073114111;2;Ашан · Зараз;99,00;111,75;124,50;93,1;
Paldo;Макаронні вироби Paldo Rabokki локшина 145г;145,0;пакет;00648436101054;2;Ашан · Grono;100,60;112,30;124,00;77,4;
Samyang;Локшина Samyang Ramen зі смаком сиру 105г;105,0;пакет;08801073211773;2;Ашан · Зараз;111,50;120,70;129,90;115,0;
Choi's;Локшина Choi's рамен карбон 131г;131,0;пакет;03760344350847;2;Космос · Таврія В;125,20;125,20;125,20;95,6;
Nongshim;Локшина Nongshim Shin Ramyun Tom Yum Том Ям 123г;123,0;пакет;08801043070362;2;Ашан · Grono;115,90;128,95;142,00;104,8;
Samyang;Локшина Samyang Tangle зі смаком вершкового бульгогі 105г;105,0;пакет;08801073116863;2;Клас (Харків) · Восторг;157,00;157,00;157,00;149,5;
Nongshim;Локшина Nongshim Shin Ramyun Black 130г;130,0;пакет;08801043060226;2;Ашан · Grono;201,50;205,25;209,00;157,9;
Samyang;Локшина Samyang Bulgogi Рамен 80г;80,0;пакет;08801073114043;1;Ашан;65,00;65,00;65,00;81,2;
Samyang;Локшина Samyang Jjanang Рамен 80г;80,0;пакет;08801073114050;1;Ашан;65,10;65,10;65,10;81,4;
Ottogi;Локшина Ottogi Yeul Ramen дуже гостра 120г;120,0;пакет;00645175521013;1;Ашан;68,10;68,10;68,10;56,8;
Paldo;Локшина Paldo Teumsae Ramen швидкого приготування 120г;120,0;пакет;00648436100613;1;Grono;72,00;72,00;72,00;60,0;
Nongshim;Локшина Nongshim Рамен зі спеціями 120г;120,0;пакет;00031146150601;1;Ашан;73,50;73,50;73,50;61,3;
Samyang;Локшина Samyang Tangle зі смаком вершкового бульгогі 105г;105,0;пакет;00880173116863;1;Onde;77,50;77,50;77,50;73,8;
fire bull;Локшина Fire Bull Stir-Fried Ramen Beef швидкого приготування 137,8г;137,8;пакет;08809521341454;1;Onde;78,40;78,40;78,40;56,9;
Paldo;Локшина рамьон Paldo Volcano Carbonara гостра курка 105г;105,0;пакет;00648436310715;1;Ашан;80,50;80,50;80,50;76,7;
Paldo;Макаронні вироби Paldo Compaghetti локшина 110г;110,0;пакет;00648436310029;1;Ашан;81,30;81,30;81,30;73,9;
Ottogi;Локшина Ottogi Jin Ramen Гостра 67г;67,0;пакет;00645175570288;1;Ашан;82,30;82,30;82,30;122,8;
Ottogi;Локшина Ottogi Рамен з сиром 111г;111,0;пакет;08801045524672;1;Зараз;83,00;83,00;83,00;74,8;
Ottogi;Локшина OTTOGI Jin рамен гостра 120г;120,0;пакет;08801045522265;1;Ашан;83,70;83,70;83,70;69,8;
Nongshim;Локшина Nongshim Кімчі Рамьон 120г;120,0;пакет;00031146181018;1;Ашан;84,90;84,90;84,90;70,8;
Bibigo;Локшина Bibigo Стір-фрай Рамен зі смаком кімчі 122г;122,0;пакет;09555050302846;1;Ашан;85,50;85,50;85,50;70,1;
Bibigo;Локшина Bibigo Стір-фрай Рамен Курка барбекю 122г;122,0;пакет;09555050302839;1;Ашан;85,50;85,50;85,50;70,1;
Bibigo;Локшина Bibigo Стір-фрай Рамен Spicy Tteokbokki гострий 122г;122,0;пакет;09555050302808;1;Ашан;85,50;85,50;85,50;70,1;
Bibigo;Локшина Bibigo Стір-фрай Рамен Cheese Tteokbokki зі смаком сиру 127г;127,0;пакет;09555050302815;1;Ашан;85,50;85,50;85,50;67,3;
Ottogi;Локшина Ottogi Stir-Fry Рамен із сиром 120г;120,0;пакет;08801045009209;1;Ашан;89,00;89,00;89,00;74,2;
Ottogi;Локшина Ottogi Stir-Fry Рамен із сиром гостра 130г;130,0;пакет;08801045178226;1;Ашан;89,00;89,00;89,00;68,5;
Nongshim;Локшина Nongshim Cham-Pong Ramyun з морепродуктами 124г;124,0;пакет;08801043157759;1;Ашан;89,00;89,00;89,00;71,8;
Nongshim;Локшина Nongshim Stir Fry Шин Рамьойн гостра 131г;131,0;пакет;08801043061674;1;Ашан;89,00;89,00;89,00;67,9;
Paldo;Суп рамен Paldo Kokomen зі смаком курки гострий 120г;120,0;пакет;00648436100682;1;Ашан;92,00;92,00;92,00;76,7;
Paldo;Рамьон Paldo зі смаком морепродуктів 120г;120,0;пакет;00648436100583;1;Ашан;92,90;92,90;92,90;77,4;
Otoki;Рамьон Otoki Cheesy Ramen зі смаком сиру Чеддер та чілі гострий 120г;120,0;пакет;00850069667146;1;Ашан;94,90;94,90;94,90;79,1;
Nongshim;Локшина Nongshim Shin Ramyun Stir Fry зі смаком сиру 136г;136,0;пакет;08801043068741;1;Ашан;95,50;95,50;95,50;70,2;
Nongshim;Локшина Nongshim Шин Рамьон гостра сублімована 68г;68,0;пакет;00031146270606;1;Ашан;97,00;97,00;97,00;142,6;
Paldo;Суп рамьон Paldo Jumbo Noodle Hot & Spicy у мисці 120г;120,0;стакан/боул;00648436100064;1;Ашан;98,90;98,90;98,90;82,4;
Nongshim;Локшина Nongshim Shrimp в стакані 67г;67,0;стакан/боул;00031146017119;1;Ашан;103,00;103,00;103,00;153,7;
Nongshim;Локшина Nongshim Tempura Udon 62г;62,0;пакет;00031146017096;1;Ашан;103,00;103,00;103,00;166,1;
Nongshim;Локшина Nongshim Шин Рамьон гостра сублімована 68г;68,0;пакет;08801043031011;1;METRO;104,76;104,76;104,76;154,1;
Nongshim;Локшина Nongshim Shin Red Super Spicy гостра 68г;68,0;пакет;08801043049566;1;METRO;104,76;104,76;104,76;154,1;
Paldo;Макаронні вироби Paldo локшина з сиром 110г;110,0;пакет;00648436100934;1;Ашан;105,30;105,30;105,30;95,7;
Baekje;Локшина Baekje рисова зі смаком кімчі 92г;92,0;пакет;08803060080942;1;Ашан;106,40;106,40;106,40;115,7;
Samyang;Локшина Samyang Рамен зі смаком морепродуктів 120г;120,0;пакет;00074603006684;1;Onde;108,00;108,00;108,00;90,0;
Samyang;Рамен Samyang Buldak Jjajang зі смаком гострої курки 140г;140,0;пакет;08801073113947;1;Ашан;108,50;108,50;108,50;77,5;
Nongshim;Локшина Nongshim Cup Ramyun Shrimp гостра 67г;67,0;стакан/боул;08801043029384;1;METRO;111,24;111,24;111,24;166,0;
Nongshim;Локшина Nongshim Tempura Udon 62г;62,0;пакет;08801043029353;1;METRO;111,24;111,24;111,24;179,4;
Nongshim;Локшина Nongshim Суп Neoguri з морепродуктами гостра 62г;62,0;пакет;08801043029315;1;METRO;111,24;111,24;111,24;179,4;
Nongshim;Локшина Nongshim Soon Veggie Cup Noodle Soup 67г;67,0;стакан/боул;08801043028127;1;METRO;111,24;111,24;111,24;166,0;
Ottogi;Рамен Ottogi з кунжутом 115г;115,0;пакет;08801045525235;1;Ашан;111,90;111,90;111,90;97,3;
Ottogi;Локшина Ottogi Jin Jjambbong Ramen з морепродуктами 130г;130,0;пакет;08801045522555;1;Ашан;112,50;112,50;112,50;86,5;
Samyang;Локшина Samyang Ramen з сиром гостра 130г;130,0;пакет;08801073113312;1;Ашан;115,10;115,10;115,10;88,5;
Nongshim;Локшина Nongshim Рамен зі спеціями 120г;120,0;пакет;08801043014809;1;Grono;125,00;125,00;125,00;104,2;
Nongshim;Локшина Nongshim Shin Ramyun швидкого приготування з грибами 120г;120,0;пакет;08801043150026;1;Onde;128,40;128,40;128,40;107,0;
Nongshim;Локшина Nongshim Шин Рамен Black 130г;130,0;пакет;00031146017379;1;METRO;165,24;165,24;165,24;127,1;
Nongshim;Макаронні вироби Nongshim Shin Cup локшина швидкого приготування з грибами 80г;80,0;стакан/боул;08801043031110;1;Grono;195,00;195,00;195,00;243,8;
Yopokki;Топоккі та локшина Рамен Yopokki з сиром 145г;145,0;пакет;08809054402356;1;METRO;197,64;197,64;197,64;136,3;
Nongshim;Локшина швидкого приготування Nongshim Spicy & Creamy Toomba K-Pop 137г;137,0;пакет;08801043015479;1;Grono;198,00;198,00;198,00;144,5;
Yopokki;Топоккі та локшина Рамен Yopokki гострі 145г;145,0;пакет;08809054402363;1;METRO;204,12;204,12;204,12;140,8;
Yopokki;Топоккі та локшина Рамен Yopokki зі смаком кімчі 145г;145,0;пакет;08809054402370;1;METRO;204,12;204,12;204,12;140,8;
Yopokki;Топоккі та локшина Рамен Yopokki гостро-солодкі 145г;145,0;пакет;08809054402349;1;METRO;204,12;204,12;204,12;140,8;
